{"particlestate":{"texture":{"texture_path":"fire_sparkle.png","columns":1,"rows":1,"numberOfFrames":1,"AnimationOrder":0},"initial_state":{"force":{"x":0,"y":0.070000000298023224,"z":0},"forceVariation":{"x":0.5,"y":0.099999994039535522,"z":0.40999999642372131},"Size":0.55400002002716064,"SizeVariation":0,"RGBATint":{"x":0.98408615589141846,"y":1,"z":0.33165830373764038,"w":1},"RGBATintVariation":{"x":0,"y":0,"z":0,"w":0},"alpha_preview":true,"alpha_half_preview":false,"options_menu":true,"alpha":true,"alpha_bar":true,"side_preview":true,"inputs_mode":2,"picker_mode":0},"final_state":{"force":{"x":0.22999998927116394,"y":0.049999997019767761,"z":0},"forceVariation":{"x":0.34000000357627869,"y":0.099999994039535522,"z":0.44999998807907104},"Size":0.3320000171661377,"SizeVariation":0,"RGBATint":{"x":1,"y":0.64088279008865356,"z":0.30653268098831177,"w":0.51256281137466431},"RGBATintVariation":{"x":0,"y":0,"z":0,"w":0},"alpha_preview":true,"alpha_half_preview":false,"options_menu":true,"alpha":true,"alpha_bar":true,"side_preview":true,"inputs_mode":2,"picker_mode":0}}}