{"particlestate":{"texture":{"texture_path":"fire 32 - png.png","columns":8,"rows":4,"numberOfFrames":32,"AnimationOrder":0},"initial_state":{"force":{"x":0,"y":0.0099999997764825821,"z":0},"forceVariation":{"x":0.070000000298023224,"y":0.029999999329447746,"z":0},"Size":15,"SizeVariation":1.2110000848770142,"RGBATint":{"x":0.98994976282119751,"y":0.93025434017181396,"z":0.93025434017181396,"w":1},"RGBATintVariation":{"x":0,"y":0.11000000685453415,"z":0,"w":0},"alpha_preview":true,"alpha_half_preview":false,"options_menu":true,"alpha":true,"alpha_bar":true,"side_preview":true,"inputs_mode":2,"picker_mode":0},"final_state":{"force":{"x":0,"y":0.17999999225139618,"z":0},"forceVariation":{"x":0,"y":0,"z":0},"Size":1.7820000648498535,"SizeVariation":0,"RGBATint":{"x":0.58793973922729492,"y":0.5524861216545105,"z":0.5524861216545105,"w":0.54271358251571655},"RGBATintVariation":{"x":0,"y":0,"z":0,"w":0},"alpha_preview":true,"alpha_half_preview":false,"options_menu":true,"alpha":true,"alpha_bar":true,"side_preview":true,"inputs_mode":2,"picker_mode":0}}}