{"particlestate":{"texture":{"texture_path":"FireWallTex.png","columns":8,"rows":4,"numberOfFrames":32,"AnimationOrder":0},"initial_state":{"force":{"x":0,"y":0.0099999997764825821,"z":0},"forceVariation":{"x":0.070000000298023224,"y":0.029999999329447746,"z":0},"Size":15,"SizeVariation":1.2109999656677246,"RGBATint":{"x":1,"y":0.80784314870834351,"z":0.4117647111415863,"w":1},"RGBATintVariation":{"x":0,"y":0.11100000143051147,"z":0,"w":0},"alpha_preview":true,"alpha_half_preview":false,"options_menu":true,"alpha":true,"alpha_bar":true,"side_preview":true,"inputs_mode":2,"picker_mode":0},"final_state":{"force":{"x":0,"y":0.18000000715255737,"z":0},"forceVariation":{"x":0,"y":0,"z":0},"Size":1.781999945640564,"SizeVariation":0,"RGBATint":{"x":0.92941176891326904,"y":0.72549021244049072,"z":0.49411764740943909,"w":0.45098039507865906},"RGBATintVariation":{"x":0,"y":0,"z":0,"w":0},"alpha_preview":true,"alpha_half_preview":false,"options_menu":true,"alpha":true,"alpha_bar":true,"side_preview":true,"inputs_mode":2,"picker_mode":0}}}