{"emitter":{"ShowEmitterBoundBox":false,"ShowEmitter":false,"EmitterLifeMax":0.25,"Transform":{"00":1,"01":0,"02":0,"03":0,"10":0,"11":1,"12":0,"13":0,"20":0,"21":0,"22":1,"23":0,"30":31.202568054199219,"31":14.540729522705078,"32":16.805242538452148,"33":1},"SpawnRate":45,"Lifetime":1.3300000429153442,"LifetimeVariation":0,"EmissionDuration":1954.0439453125,"Loop":false,"Speed":1.2900000810623169,"SpeedVariation":0,"BoundingBox_min":{"x":-0.5,"y":-0.5,"z":-0.5},"BoundingBox_max":{"x":0.5,"y":0.5,"z":0.5},"Type":0,"ParticleFacingOptions":1,"Radius":2.4000000953674316,"SourceBlendType":770,"DestinyBlendType":771,"Glow":false}}