{"emitter":{"ShowEmitterBoundBox":false,"ShowEmitter":false,"EmitterLifeMax":3.0000002384185791,"Transform":{"00":1,"01":0,"02":0,"03":0,"10":0,"11":1,"12":0,"13":0,"20":0,"21":0,"22":1,"23":0,"30":24.044353485107422,"31":1.131317138671875,"32":23.186500549316406,"33":1},"SpawnRate":22,"Lifetime":3.9000000953674316,"LifetimeVariation":0,"EmissionDuration":9643.630859375,"Loop":false,"Speed":0.10000000149011612,"SpeedVariation":0,"BoundingBox_min":{"x":-0.5,"y":-0.5,"z":-0.5},"BoundingBox_max":{"x":0.5,"y":0.5,"z":0.5},"Type":3,"ParticleFacingOptions":1,"SourceBlendType":770,"DestinyBlendType":1,"Glow":false,"EmitterAABB_min":{"x":-7.5,"y":-0.20000000298023224,"z":-7.5},"EmitterAABB_max":{"x":7.5,"y":0.20000000298023224,"z":7.5}}}