{"emitter":{"ShowEmitterBoundBox":false,"ShowEmitter":false,"EmitterLifeMax":3.0000002384185791,"Transform":{"00":1,"01":0,"02":0,"03":0,"10":0,"11":1,"12":0,"13":0,"20":0,"21":0,"22":1,"23":0,"30":-1.4805145263671875,"31":1.0770699977874756,"32":-31.225025177001953,"33":1},"SpawnRate":22,"Lifetime":3.9000000953674316,"LifetimeVariation":0,"EmissionDuration":5490.654296875,"Loop":false,"Speed":0.10000000149011612,"SpeedVariation":0,"BoundingBox_min":{"x":-0.5,"y":-0.5,"z":-0.5},"BoundingBox_max":{"x":0.5,"y":0.5,"z":0.5},"Type":3,"ParticleFacingOptions":1,"EmitterAABB_min":{"x":-7.5,"y":-0.20000000298023224,"z":-7.5},"EmitterAABB_max":{"x":7.5,"y":0.20000000298023224,"z":7.5}}}