{"emitter":{"ShowEmitterBoundBox":false,"ShowEmitter":true,"EmitterLifeMax":-1,"Transform":{"00":-1.7740216255187988,"01":-2.3582458652526839e-07,"02":-0.92349725961685181,"03":0,"10":0.92349725961685181,"11":-7.435519933096657e-08,"12":-1.7740216255187988,"13":0,"20":1.7484555314695172e-07,"21":-2,"22":1.7484555314695172e-07,"23":0,"30":168.53758239746094,"31":10.999999046325684,"32":129.74847412109375,"33":1},"SpawnRate":4,"Lifetime":1,"LifetimeVariation":0,"EmissionDuration":357.6619873046875,"Loop":true,"Speed":5,"SpeedVariation":0,"BoundingBox_min":{"x":-0.5,"y":-0.5,"z":-0.5},"BoundingBox_max":{"x":0.5,"y":0.5,"z":0.5},"Type":2,"ParticleFacingOptions":1,"URadius":1.5,"BRadius":1,"heigth":1}}