{"emitter":{"ShowEmitterBoundBox":false,"ShowEmitter":false,"EmitterLifeMax":1,"Transform":{"00":0.049711901694536209,"01":-0.21009619534015656,"02":0.20829866826534271,"03":0,"10":-0.18799202144145966,"11":0.14066329598426819,"12":0.18674276769161224,"13":0,"20":-0.2284463495016098,"21":-0.16147276759147644,"22":-0.10834586620330811,"23":0,"30":4.6228785514831543,"31":1.1138355731964111,"32":-12.111483573913574,"33":1},"SpawnRate":23,"Lifetime":2.2899999618530273,"LifetimeVariation":0,"EmissionDuration":549.05328369140625,"Loop":false,"Speed":0.44999998807907104,"SpeedVariation":0.0099999997764825821,"BoundingBox_min":{"x":-0.5,"y":-0.5,"z":-0.5},"BoundingBox_max":{"x":0.5,"y":0.5,"z":0.5},"Type":0,"ParticleFacingOptions":1,"Radius":2.4000000953674316,"SourceBlendType":770,"DestinyBlendType":1,"Glow":false}}