{"emitter":{"ShowEmitterBoundBox":false,"ShowEmitter":true,"EmitterLifeMax":-1,"Transform":{"00":1,"01":0,"02":0,"03":0,"10":0,"11":1,"12":0,"13":0,"20":0,"21":0,"22":1,"23":0,"30":0,"31":0,"32":0,"33":1},"SpawnRate":125,"Lifetime":0.77000004053115845,"LifetimeVariation":0,"EmissionDuration":2365.66552734375,"Loop":true,"Speed":1.7500001192092896,"SpeedVariation":1.2400000095367432,"BoundingBox_min":{"x":-0.5,"y":-0.5,"z":-0.5},"BoundingBox_max":{"x":0.5,"y":0.5,"z":0.5},"Type":3,"ParticleFacingOptions":1,"EmitterAABB_min":{"x":-12.700000762939453,"y":-0.75000005960464478,"z":-12.700000762939453},"EmitterAABB_max":{"x":12.700000762939453,"y":0.75000005960464478,"z":12.700000762939453}}}