{"emitter":{"ShowEmitterBoundBox":false,"ShowEmitter":false,"EmitterLifeMax":-1,"Transform":{"00":1,"01":0,"02":0,"03":0,"10":0,"11":1,"12":0,"13":0,"20":0,"21":0,"22":1,"23":0,"30":13.422736167907715,"31":0,"32":7.1953020095825195,"33":1},"SpawnRate":60,"Lifetime":1,"LifetimeVariation":0,"EmissionDuration":1198.8671875,"Loop":true,"Speed":5,"SpeedVariation":0,"BoundingBox_min":{"x":-0.5,"y":-0.5,"z":-0.5},"BoundingBox_max":{"x":0.5,"y":0.5,"z":0.5},"Type":3,"ParticleFacingOptions":1,"EmitterAABB_min":{"x":-6.3499999046325684,"y":-0.5,"z":-6.3499999046325684},"EmitterAABB_max":{"x":6.3499999046325684,"y":0.5,"z":6.3499999046325684}}}