{"emitter":{"ShowEmitterBoundBox":false,"ShowEmitter":false,"EmitterLifeMax":0,"Transform":{"00":0.88701081275939941,"01":0,"02":0.4617486298084259,"03":0,"10":-0.4617486298084259,"11":0,"12":0.88701081275939941,"13":0,"20":0,"21":-1,"22":0,"23":0,"30":3.5000002384185791,"31":2,"32":0,"33":1},"SpawnRate":0,"Lifetime":0,"LifetimeVariation":0,"EmissionDuration":432.64077758789063,"Loop":false,"Speed":0,"SpeedVariation":0,"BoundingBox_min":{"x":0,"y":0,"z":0},"BoundingBox_max":{"x":0,"y":0,"z":0},"Type":0,"ParticleFacingOptions":0,"Radius":0}}