{"emitter":{"ShowEmitterBoundBox":false,"ShowEmitter":false,"EmitterLifeMax":0.40000000596046448,"Transform":{"00":1,"01":0,"02":0,"03":0,"10":0,"11":-1.1920928955078125e-07,"12":0.99999994039535522,"13":0,"20":0,"21":-0.99999994039535522,"22":-1.1920928955078125e-07,"23":0,"30":82.699996948242188,"31":7.9999995231628418,"32":167.09999084472656,"33":1},"SpawnRate":2,"Lifetime":1.1600000858306885,"LifetimeVariation":0,"EmissionDuration":2086.127685546875,"Loop":false,"Speed":0.090000003576278687,"SpeedVariation":0,"BoundingBox_min":{"x":-0.5,"y":-0.5,"z":-0.5},"BoundingBox_max":{"x":0.5,"y":0.5,"z":0.5},"Type":0,"ParticleFacingOptions":1,"Radius":1}}