{"emitter":{"ShowEmitterBoundBox":false,"ShowEmitter":true,"EmitterLifeMax":-1,"Transform":{"00":0.88701081275939941,"01":0,"02":0.4617486298084259,"03":0,"10":-0.4617486298084259,"11":0,"12":0.88701081275939941,"13":0,"20":0,"21":-1,"22":0,"23":0,"30":3.5000002384185791,"31":2,"32":0,"33":1},"SpawnRate":4,"Lifetime":1,"LifetimeVariation":0,"EmissionDuration":357.6619873046875,"Loop":true,"Speed":5,"SpeedVariation":0,"BoundingBox_min":{"x":-0.5,"y":-0.5,"z":-0.5},"BoundingBox_max":{"x":0.5,"y":0.5,"z":0.5},"Type":2,"ParticleFacingOptions":1,"URadius":1.5,"BRadius":1,"heigth":1}}