{"emitter":{"ShowEmitterBoundBox":false,"ShowEmitter":true,"EmitterLifeMax":-1,"Transform":{"00":1,"01":0,"02":0,"03":0,"10":0,"11":1,"12":0,"13":0,"20":0,"21":0,"22":1,"23":0,"30":0.41896176338195801,"31":0.65565824508666992,"32":0.014848712831735611,"33":1},"SpawnRate":60,"Lifetime":1,"LifetimeVariation":0,"EmissionDuration":733.51324462890625,"Loop":true,"Speed":5,"SpeedVariation":0,"BoundingBox_min":{"x":-0.5,"y":-0.5,"z":-0.5},"BoundingBox_max":{"x":0.5,"y":0.5,"z":0.5},"Type":3,"ParticleFacingOptions":1,"EmitterAABB_min":{"x":-12.699999809265137,"y":-0.5,"z":-12.699999809265137},"EmitterAABB_max":{"x":12.699999809265137,"y":0.5,"z":12.699999809265137}}}