{"emitter":{"ShowEmitterBoundBox":false,"ShowEmitter":false,"EmitterLifeMax":0.20000000298023224,"Transform":{"00":0,"01":2.384185791015625e-07,"02":-1,"03":0,"10":1,"11":0,"12":0,"13":0,"20":0,"21":-1,"22":-2.384185791015625e-07,"23":0,"30":14.691486358642578,"31":8,"32":150.64700317382813,"33":1},"SpawnRate":219,"Lifetime":1.0800000429153442,"LifetimeVariation":0,"EmissionDuration":2587.193359375,"Loop":false,"Speed":4.1400003433227539,"SpeedVariation":0.84000003337860107,"BoundingBox_min":{"x":-0.5,"y":-0.5,"z":-0.5},"BoundingBox_max":{"x":0.5,"y":0.5,"z":0.5},"Type":0,"ParticleFacingOptions":1,"SourceBlendType":770,"DestinyBlendType":771,"Glow":true,"Radius":2.2000000476837158}}