{"emitter":{"ShowEmitterBoundBox":false,"ShowEmitter":true,"EmitterLifeMax":-1,"Transform":{"00":0.98906677961349487,"01":0.016732605174183846,"02":0.14651778340339661,"03":0,"10":0.1474701464176178,"11":-0.11196000874042511,"12":-0.98270946741104126,"13":0,"20":-3.9171718526631594e-05,"21":0.993571937084198,"22":-0.1132032573223114,"23":0,"30":121.99999237060547,"31":16.139999389648438,"32":381.00167846679688,"33":1},"SpawnRate":19,"Lifetime":0.98000001907348633,"LifetimeVariation":0.20999999344348907,"EmissionDuration":256.19775390625,"Loop":true,"Speed":5,"SpeedVariation":0,"BoundingBox_min":{"x":-0.5,"y":-0.5,"z":-0.5},"BoundingBox_max":{"x":0.5,"y":0.5,"z":0.5},"Type":2,"ParticleFacingOptions":1,"URadius":1.8999999761581421,"BRadius":1.1000000238418579,"heigth":8.8999996185302734}}