{"emitter":{"ShowEmitterBoundBox":false,"ShowEmitter":true,"EmitterLifeMax":-1,"Transform":{"00":-0.14685918390750885,"01":0.016732506453990936,"02":0.98901599645614624,"03":0,"10":0.98265838623046875,"11":-0.11195993423461914,"12":0.14780934154987335,"13":0,"20":0.11320316046476364,"21":0.993571937084198,"22":-6.0442890692513629e-09,"23":0,"30":-5.9418380260467529e-07,"31":16.139999389648438,"32":-4.9999995231628418,"33":1},"SpawnRate":19,"Lifetime":0.98000001907348633,"LifetimeVariation":0.20999999344348907,"EmissionDuration":256.19775390625,"Loop":true,"Speed":5,"SpeedVariation":0,"BoundingBox_min":{"x":-0.5,"y":-0.5,"z":-0.5},"BoundingBox_max":{"x":0.5,"y":0.5,"z":0.5},"Type":2,"ParticleFacingOptions":1,"URadius":1.8999999761581421,"BRadius":1.1000000238418579,"heigth":8.8999996185302734}}