{"emitter":{"ShowEmitterBoundBox":false,"ShowEmitter":false,"EmitterLifeMax":1,"Transform":{"00":-0.1879277229309082,"01":0.14039236307144165,"02":0.18701104819774628,"03":0,"10":0.049954172223806381,"11":-0.21027728915214539,"12":0.20805780589580536,"13":0,"20":0.22844626009464264,"21":0.16147276759147644,"22":0.10834582149982452,"23":0,"30":45.617069244384766,"31":5.3799457550048828,"32":31.160562515258789,"33":1},"SpawnRate":20,"Lifetime":1,"LifetimeVariation":0.80000001192092896,"EmissionDuration":14176.580078125,"Loop":false,"Speed":0.05000000074505806,"SpeedVariation":0.20000000298023224,"BoundingBox_min":{"x":-0.5,"y":-0.5,"z":-0.5},"BoundingBox_max":{"x":0.5,"y":0.5,"z":0.5},"Type":0,"ParticleFacingOptions":1,"SourceBlendType":770,"DestinyBlendType":1,"Glow":true,"Radius":5.2000002861022949}}