{"emitter":{"ShowEmitterBoundBox":false,"ShowEmitter":false,"EmitterLifeMax":-1,"Transform":{"00":-1,"01":8.7422762362621143e-08,"02":2.1979198550070578e-07,"03":0,"10":8.7422776573475858e-08,"11":1,"12":8.7422762362621143e-08,"13":0,"20":-2.1979198550070578e-07,"21":8.7422776573475858e-08,"22":-1,"23":0,"30":76.199996948242188,"31":10,"32":587.70001220703125,"33":1},"SpawnRate":9,"Lifetime":1.1100000143051147,"LifetimeVariation":0.20999999344348907,"EmissionDuration":1795.7779541015625,"Loop":true,"Speed":0.81000006198883057,"SpeedVariation":0,"BoundingBox_min":{"x":-0.5,"y":-0.5,"z":-0.5},"BoundingBox_max":{"x":0.5,"y":0.5,"z":0.5},"Type":2,"ParticleFacingOptions":1,"URadius":0.5,"BRadius":1.1000000238418579,"heigth":3.0000002384185791}}