{"emitter":{"ShowEmitterBoundBox":false,"ShowEmitter":false,"EmitterLifeMax":0.15000000596046448,"Transform":{"00":1,"01":0,"02":0,"03":0,"10":0,"11":1,"12":0,"13":0,"20":0,"21":0,"22":1,"23":0,"30":0,"31":0,"32":-5.6250123977661133,"33":1},"SpawnRate":57,"Lifetime":0.64999997615814209,"LifetimeVariation":0,"EmissionDuration":3078.4384765625,"Loop":false,"Speed":1.4800000190734863,"SpeedVariation":0,"BoundingBox_min":{"x":-0.5,"y":-0.5,"z":-0.5},"BoundingBox_max":{"x":0.5,"y":0.5,"z":0.5},"Type":4,"ParticleFacingOptions":1,"Radius":1,"SourceBlendType":770,"DestinyBlendType":771,"Glow":true}}