{"emitter":{"ShowEmitterBoundBox":false,"ShowEmitter":true,"EmitterLifeMax":-1,"Transform":{"00":0.98906677961349487,"01":0.016732605174183846,"02":0.14651775360107422,"03":0,"10":0.14747011661529541,"11":-0.11196000874042511,"12":-0.98270946741104126,"13":0,"20":-3.9175487472675741e-05,"21":0.993571937084198,"22":-0.1132032573223114,"23":0,"30":45.799999237060547,"31":16.139999389648438,"32":609.6016845703125,"33":1},"SpawnRate":9,"Lifetime":1.1100000143051147,"LifetimeVariation":0.20999999344348907,"EmissionDuration":411.05264282226563,"Loop":true,"Speed":0.81000006198883057,"SpeedVariation":0,"BoundingBox_min":{"x":-0.5,"y":-0.5,"z":-0.5},"BoundingBox_max":{"x":0.5,"y":0.5,"z":0.5},"Type":2,"ParticleFacingOptions":1,"URadius":0.5,"BRadius":1.1000000238418579,"heigth":3.0000002384185791}}