{"emitter":{"ShowEmitterBoundBox":false,"ShowEmitter":false,"EmitterLifeMax":-1,"Transform":{"00":0.98901605606079102,"01":0.016732355579733849,"02":0.14685933291912079,"03":0,"10":0.14780944585800171,"11":-0.11195997893810272,"12":-0.98265844583511353,"13":0,"20":1.4646545309915382e-07,"21":0.993571937084198,"22":-0.11320307850837708,"23":0,"30":96.599990844726563,"31":15.64000129699707,"32":152.9000244140625,"33":1},"SpawnRate":9,"Lifetime":1.1100000143051147,"LifetimeVariation":0.20999999344348907,"EmissionDuration":1795.7779541015625,"Loop":true,"Speed":0.81000006198883057,"SpeedVariation":0,"BoundingBox_min":{"x":-0.5,"y":-0.5,"z":-0.5},"BoundingBox_max":{"x":0.5,"y":0.5,"z":0.5},"Type":2,"ParticleFacingOptions":1,"URadius":0.5,"BRadius":1.1000000238418579,"heigth":3.0000002384185791}}