{"emitter":{"ShowEmitterBoundBox":false,"ShowEmitter":false,"EmitterLifeMax":-1,"Transform":{"00":0.14721018075942993,"01":0.016732506453990936,"02":-0.98901581764221191,"03":0,"10":-0.98265749216079712,"11":-0.11195993423461914,"12":-0.14815817773342133,"13":0,"20":-0.11320897191762924,"21":0.993571937084198,"22":-3.9306531107285991e-05,"23":0,"30":177.79826354980469,"31":16.139999389648438,"32":106.60025787353516,"33":1},"SpawnRate":35,"Lifetime":1.0700000524520874,"LifetimeVariation":0.20999999344348907,"EmissionDuration":1801.8837890625,"Loop":true,"Speed":5,"SpeedVariation":0,"BoundingBox_min":{"x":-0.5,"y":-0.5,"z":-0.5},"BoundingBox_max":{"x":0.5,"y":0.5,"z":0.5},"Type":2,"ParticleFacingOptions":1,"URadius":1.8999999761581421,"BRadius":1.1000000238418579,"heigth":8.8999996185302734}}