{"emitter":{"ShowEmitterBoundBox":false,"ShowEmitter":false,"EmitterLifeMax":-1,"Transform":{"00":-1.9598493576049805,"01":-0.0034798062406480312,"02":-0.39872074127197266,"03":0,"10":0.39873591065406799,"11":-0.01710309274494648,"12":-1.9597749710083008,"13":0,"20":2.0464122485464031e-07,"21":-1.9999239444732666,"22":0.017453368753194809,"23":0,"30":167.53758239746094,"31":15.999999046325684,"32":129.74847412109375,"33":1},"SpawnRate":35,"Lifetime":1.0700000524520874,"LifetimeVariation":0.20999999344348907,"EmissionDuration":1949.98828125,"Loop":true,"Speed":5,"SpeedVariation":0,"BoundingBox_min":{"x":-0.5,"y":-0.5,"z":-0.5},"BoundingBox_max":{"x":0.5,"y":0.5,"z":0.5},"Type":2,"ParticleFacingOptions":1,"URadius":1.8999999761581421,"BRadius":1.1000000238418579,"heigth":8.8999996185302734}}