{"emitter":{"ShowEmitterBoundBox":false,"ShowEmitter":false,"EmitterLifeMax":-1,"Transform":{"00":0.98901605606079102,"01":0.016732407733798027,"02":0.14720934629440308,"03":0,"10":0.14815734326839447,"11":-0.11195985972881317,"12":-0.98265773057937622,"13":0,"20":3.929531158064492e-05,"21":0.993571937084198,"22":-0.11320889741182327,"23":0,"30":172.79974365234375,"31":16.14000129699707,"32":177.79826354980469,"33":1},"SpawnRate":35,"Lifetime":1.0700000524520874,"LifetimeVariation":0.20999999344348907,"EmissionDuration":1801.8837890625,"Loop":true,"Speed":5,"SpeedVariation":0,"BoundingBox_min":{"x":-0.5,"y":-0.5,"z":-0.5},"BoundingBox_max":{"x":0.5,"y":0.5,"z":0.5},"Type":2,"ParticleFacingOptions":1,"URadius":1.8999999761581421,"BRadius":1.1000000238418579,"heigth":8.8999996185302734}}