{"emitter":{"ShowEmitterBoundBox":false,"ShowEmitter":false,"EmitterLifeMax":-1,"Transform":{"00":0.98906707763671875,"01":0.016732605174183846,"02":0.14686547219753265,"03":0,"10":0.14781571924686432,"11":-0.11196000874042511,"12":-0.98270910978317261,"13":0,"20":-2.3769408130647207e-07,"21":0.993571937084198,"22":-0.1132090762257576,"23":0,"30":71.199737548828125,"31":16.139999389648438,"32":533.39990234375,"33":1},"SpawnRate":35,"Lifetime":1.0700000524520874,"LifetimeVariation":0.20999999344348907,"EmissionDuration":1801.8837890625,"Loop":true,"Speed":5,"SpeedVariation":0,"BoundingBox_min":{"x":-0.5,"y":-0.5,"z":-0.5},"BoundingBox_max":{"x":0.5,"y":0.5,"z":0.5},"Type":2,"ParticleFacingOptions":1,"URadius":1.8999999761581421,"BRadius":1.1000000238418579,"heigth":8.8999996185302734}}