{"emitter":{"ShowEmitterBoundBox":false,"ShowEmitter":false,"EmitterLifeMax":-1,"Transform":{"00":0.98901605606079102,"01":0.016732553020119667,"02":0.14685933291912079,"03":0,"10":0.1478094756603241,"11":-0.11196012794971466,"12":-0.98265844583511353,"13":0,"20":-2.7256170653799927e-08,"21":0.993571937084198,"22":-0.1132032573223114,"23":0,"30":-5.0000004768371582,"31":15.639999389648438,"32":0.49999967217445374,"33":1},"SpawnRate":9,"Lifetime":1.1100000143051147,"LifetimeVariation":0.20999999344348907,"EmissionDuration":1288.7169189453125,"Loop":true,"Speed":0.81000006198883057,"SpeedVariation":0,"BoundingBox_min":{"x":-0.5,"y":-0.5,"z":-0.5},"BoundingBox_max":{"x":0.5,"y":0.5,"z":0.5},"Type":2,"ParticleFacingOptions":1,"URadius":0.5,"BRadius":1.1000000238418579,"heigth":3.0000002384185791}}