{"emitter":{"ShowEmitterBoundBox":false,"ShowEmitter":false,"EmitterLifeMax":-1,"Transform":{"00":0.98906654119491577,"01":0.016732407733798027,"02":0.14651946723461151,"03":0,"10":0.14747180044651031,"11":-0.11195985972881317,"12":-0.98270922899246216,"13":0,"20":-3.8805097574368119e-05,"21":0.993571937084198,"22":-0.11320307850837708,"23":0,"30":147.39999389648438,"31":16.14000129699707,"32":508.00161743164063,"33":1},"SpawnRate":35,"Lifetime":1.0700000524520874,"LifetimeVariation":0.20999999344348907,"EmissionDuration":940.18316650390625,"Loop":true,"Speed":5,"SpeedVariation":0,"BoundingBox_min":{"x":-0.5,"y":-0.5,"z":-0.5},"BoundingBox_max":{"x":0.5,"y":0.5,"z":0.5},"Type":2,"ParticleFacingOptions":1,"URadius":1.8999999761581421,"BRadius":1.1000000238418579,"heigth":8.8999996185302734}}