{"emitter":{"ShowEmitterBoundBox":false,"ShowEmitter":false,"EmitterLifeMax":-1,"Transform":{"00":-0.14720818400382996,"01":0.016732333227992058,"02":0.98901611566543579,"03":0,"10":0.982657790184021,"11":-0.11195995658636093,"12":0.14815618097782135,"13":0,"20":0.11320897191762924,"21":0.993571937084198,"22":3.9250833651749417e-05,"23":0,"30":25.401729583740234,"31":16.14000129699707,"32":-5.0002670288085938,"33":1},"SpawnRate":35,"Lifetime":1.0700000524520874,"LifetimeVariation":0.20999999344348907,"EmissionDuration":1801.8837890625,"Loop":true,"Speed":5,"SpeedVariation":0,"BoundingBox_min":{"x":-0.5,"y":-0.5,"z":-0.5},"BoundingBox_max":{"x":0.5,"y":0.5,"z":0.5},"Type":2,"ParticleFacingOptions":1,"URadius":1.8999999761581421,"BRadius":1.1000000238418579,"heigth":8.8999996185302734}}