{"emitter":{"ShowEmitterBoundBox":false,"ShowEmitter":false,"EmitterLifeMax":0.15000000596046448,"Transform":{"00":0,"01":2.384185791015625e-07,"02":-1,"03":0,"10":1,"11":0,"12":0,"13":0,"20":0,"21":-1,"22":-2.384185791015625e-07,"23":0,"30":14.691486358642578,"31":8,"32":150.64700317382813,"33":1},"SpawnRate":13,"Lifetime":0.64999997615814209,"LifetimeVariation":0,"EmissionDuration":3061.2626953125,"Loop":false,"Speed":1.4800000190734863,"SpeedVariation":0,"BoundingBox_min":{"x":-0.5,"y":-0.5,"z":-0.5},"BoundingBox_max":{"x":0.5,"y":0.5,"z":0.5},"Type":4,"ParticleFacingOptions":1,"Radius":1,"SourceBlendType":770,"DestinyBlendType":1,"Glow":false}}