{"emitter":{"ShowEmitterBoundBox":false,"ShowEmitter":true,"EmitterLifeMax":-1,"Transform":{"00":-0.90996122360229492,"01":0.046944648027420044,"02":-0.41202777624130249,"03":0,"10":-0.41469350457191467,"11":-0.10301065444946289,"12":0.90411180257797241,"13":0,"20":-1.4901161193847656e-08,"21":0.99357181787490845,"22":0.11320328712463379,"23":0,"30":5,"31":4.5,"32":1.862645149230957e-09,"33":1},"SpawnRate":19,"Lifetime":0.98000001907348633,"LifetimeVariation":0.20999999344348907,"EmissionDuration":222.49070739746094,"Loop":true,"Speed":5,"SpeedVariation":0,"BoundingBox_min":{"x":-0.5,"y":-0.5,"z":-0.5},"BoundingBox_max":{"x":0.5,"y":0.5,"z":0.5},"Type":2,"ParticleFacingOptions":1,"URadius":1.8999999761581421,"BRadius":1.1000000238418579,"heigth":8.8999996185302734}}