{"emitter":{"ShowEmitterBoundBox":false,"ShowEmitter":false,"EmitterLifeMax":-1,"Transform":{"00":0.14686700701713562,"01":0.016732506453990936,"02":-0.98906701803207397,"03":0,"10":-0.98270905017852783,"11":-0.11195993423461914,"12":-0.1478172093629837,"13":0,"20":-0.11320899426937103,"21":0.993571937084198,"22":-2.0946526291254486e-08,"23":0,"30":101.60000610351563,"31":16.139999389648438,"32":132.00025939941406,"33":1},"SpawnRate":35,"Lifetime":1.0700000524520874,"LifetimeVariation":0.20999999344348907,"EmissionDuration":1801.8837890625,"Loop":true,"Speed":5,"SpeedVariation":0,"BoundingBox_min":{"x":-0.5,"y":-0.5,"z":-0.5},"BoundingBox_max":{"x":0.5,"y":0.5,"z":0.5},"Type":2,"ParticleFacingOptions":1,"URadius":1.8999999761581421,"BRadius":1.1000000238418579,"heigth":8.8999996185302734}}