{"emitter":{"ShowEmitterBoundBox":false,"ShowEmitter":false,"EmitterLifeMax":0.20000000298023224,"Transform":{"00":1,"01":0,"02":0,"03":0,"10":0,"11":-1.1920928955078125e-07,"12":0.99999994039535522,"13":0,"20":0,"21":-0.99999994039535522,"22":-1.1920928955078125e-07,"23":0,"30":82.699996948242188,"31":7.9999995231628418,"32":167.09999084472656,"33":1},"SpawnRate":4,"Lifetime":0.59000003337860107,"LifetimeVariation":0,"EmissionDuration":2972.49609375,"Loop":false,"Speed":0.10000000149011612,"SpeedVariation":0,"BoundingBox_min":{"x":-0.5,"y":-0.5,"z":-0.5},"BoundingBox_max":{"x":0.5,"y":0.5,"z":0.5},"Type":4,"ParticleFacingOptions":1,"Radius":1}}