{"emitter":{"ShowEmitterBoundBox":false,"ShowEmitter":false,"EmitterLifeMax":-1,"Transform":{"00":0.98901611566543579,"01":0.016732422634959221,"02":0.14685910940170288,"03":0,"10":0.14780925214290619,"11":-0.11195985972881317,"12":-0.9826585054397583,"13":0,"20":5.4529085247168041e-08,"21":0.993571937084198,"22":-0.11320307850837708,"23":0,"30":71.199996948242188,"31":14.5,"32":587.70001220703125,"33":1},"SpawnRate":35,"Lifetime":1.0700000524520874,"LifetimeVariation":0.20999999344348907,"EmissionDuration":1809.91162109375,"Loop":true,"Speed":5,"SpeedVariation":0,"BoundingBox_min":{"x":-0.5,"y":-0.5,"z":-0.5},"BoundingBox_max":{"x":0.5,"y":0.5,"z":0.5},"Type":2,"ParticleFacingOptions":1,"URadius":1.8999999761581421,"BRadius":1.1000000238418579,"heigth":8.8999996185302734}}