{"emitter":{"ShowEmitterBoundBox":false,"ShowEmitter":false,"EmitterLifeMax":-1,"Transform":{"00":0.14686548709869385,"01":0.016732506453990936,"02":-0.9890669584274292,"03":0,"10":-0.98270899057388306,"11":-0.11195993423461914,"12":-0.14781570434570313,"13":0,"20":-0.11320897191762924,"21":0.993571937084198,"22":1.4774801115891023e-07,"23":0,"30":152.40000915527344,"31":16.139999389648438,"32":106.60025787353516,"33":1},"SpawnRate":35,"Lifetime":1.0700000524520874,"LifetimeVariation":0.20999999344348907,"EmissionDuration":1801.8837890625,"Loop":true,"Speed":5,"SpeedVariation":0,"BoundingBox_min":{"x":-0.5,"y":-0.5,"z":-0.5},"BoundingBox_max":{"x":0.5,"y":0.5,"z":0.5},"Type":2,"ParticleFacingOptions":1,"URadius":1.8999999761581421,"BRadius":1.1000000238418579,"heigth":8.8999996185302734}}