{"emitter":{"ShowEmitterBoundBox":false,"ShowEmitter":false,"EmitterLifeMax":4.5,"Transform":{"00":1,"01":0,"02":0,"03":0,"10":0,"11":1,"12":0,"13":0,"20":0,"21":0,"22":1,"23":0,"30":0.074492454528808594,"31":2.8664898872375488,"32":0.22807884216308594,"33":1},"SpawnRate":125,"Lifetime":0.76999998092651367,"LifetimeVariation":0,"EmissionDuration":629.1322021484375,"Loop":false,"Speed":1.75,"SpeedVariation":1.2400000095367432,"BoundingBox_min":{"x":-0.5,"y":-0.5,"z":-0.5},"BoundingBox_max":{"x":0.5,"y":0.5,"z":0.5},"Type":3,"ParticleFacingOptions":1,"URadius":1.5,"BRadius":1,"heigth":1,"EmitterAABB_min":{"x":-6.3499999046325684,"y":-0.75,"z":-6.3499999046325684},"EmitterAABB_max":{"x":6.3499999046325684,"y":0.75,"z":6.3499999046325684}}}