{"emitter":{"ShowEmitterBoundBox":false,"ShowEmitter":false,"EmitterLifeMax":-1,"Transform":{"00":1,"01":0,"02":0,"03":0,"10":0,"11":1,"12":0,"13":0,"20":0,"21":0,"22":1,"23":0,"30":0,"31":0,"32":0,"33":1},"SpawnRate":9,"Lifetime":1.1100000143051147,"LifetimeVariation":0.20999999344348907,"EmissionDuration":1804.5264892578125,"Loop":true,"Speed":0.81000006198883057,"SpeedVariation":0,"BoundingBox_min":{"x":-0.5,"y":-0.5,"z":-0.5},"BoundingBox_max":{"x":0.5,"y":0.5,"z":0.5},"Type":2,"ParticleFacingOptions":1,"URadius":0.5,"BRadius":1.1000000238418579,"heigth":3.0000002384185791}}