{"emitter":{"ShowEmitterBoundBox":false,"ShowEmitter":false,"EmitterLifeMax":1,"Transform":{"00":-0.23053969442844391,"01":-0.14895683526992798,"02":0.12109212577342987,"03":0,"10":0.092621013522148132,"11":0.079445041716098785,"12":0.27406176924705505,"13":0,"20":-0.16814510524272919,"21":0.24799264967441559,"22":-0.015062332153320313,"23":0,"30":4.6153988838195801,"31":-1.6966731548309326,"32":-12.609667778015137,"33":1},"SpawnRate":20,"Lifetime":1,"LifetimeVariation":0.80000001192092896,"EmissionDuration":13183.630859375,"Loop":false,"Speed":0.05000000074505806,"SpeedVariation":0.20000000298023224,"BoundingBox_min":{"x":-0.5,"y":-0.5,"z":-0.5},"BoundingBox_max":{"x":0.5,"y":0.5,"z":0.5},"Type":0,"ParticleFacingOptions":1,"SourceBlendType":770,"DestinyBlendType":771,"Glow":true,"Radius":5.2000002861022949}}