{"emitter":{"ShowEmitterBoundBox":false,"ShowEmitter":false,"EmitterLifeMax":1,"Transform":{"00":-0.18792778253555298,"01":0.14039236307144165,"02":0.18701103329658508,"03":0,"10":0.049954157322645187,"11":-0.21027728915214539,"12":0.20805782079696655,"13":0,"20":0.22844628989696503,"21":0.16147276759147644,"22":0.10834585875272751,"23":0,"30":1.9165873527526855,"31":-1.5275154113769531,"32":-13.523451805114746,"33":1},"SpawnRate":20,"Lifetime":1,"LifetimeVariation":0.80000001192092896,"EmissionDuration":12065.447265625,"Loop":true,"Speed":0.05000000074505806,"SpeedVariation":0.20000000298023224,"BoundingBox_min":{"x":-0.5,"y":-0.5,"z":-0.5},"BoundingBox_max":{"x":0.5,"y":0.5,"z":0.5},"Type":0,"ParticleFacingOptions":1,"Radius":5.2000002861022949,"SourceBlendType":770,"DestinyBlendType":1,"Glow":false}}