{"emitter":{"ShowEmitterBoundBox":false,"ShowEmitter":false,"EmitterLifeMax":-1,"Transform":{"00":1,"01":0,"02":0,"03":0,"10":0,"11":1,"12":0,"13":0,"20":0,"21":0,"22":1,"23":0,"30":33.459766387939453,"31":8.4243507385253906,"32":40.132484436035156,"33":1},"SpawnRate":19,"Lifetime":1.0600000619888306,"LifetimeVariation":0.80000001192092896,"EmissionDuration":14631.306640625,"Loop":false,"Speed":0.040000002831220627,"SpeedVariation":0.20000000298023224,"BoundingBox_min":{"x":-0.5,"y":-0.5,"z":-0.5},"BoundingBox_max":{"x":0.5,"y":0.5,"z":0.5},"Type":0,"ParticleFacingOptions":1,"SourceBlendType":770,"DestinyBlendType":1,"Glow":true,"Radius":5.2000002861022949}}