{"emitter":{"ShowEmitterBoundBox":false,"ShowEmitter":true,"EmitterLifeMax":-1,"Transform":{"00":-0.12566633522510529,"01":0.17073360085487366,"02":0.21226866543292999,"03":0,"10":0.12582840025424957,"11":-0.17095384001731873,"12":0.21199530363082886,"13":0,"20":0.24160951375961304,"21":0.1778336763381958,"22":3.0140121509703022e-08,"23":0,"30":-1.4895138740539551,"31":-1.4232044219970703,"32":1.2798862457275391,"33":1},"SpawnRate":100,"Lifetime":1,"LifetimeVariation":0.80000001192092896,"EmissionDuration":5648.728515625,"Loop":true,"Speed":0.05000000074505806,"SpeedVariation":0.20000000298023224,"BoundingBox_min":{"x":-0.5,"y":-0.5,"z":-0.5},"BoundingBox_max":{"x":0.5,"y":0.5,"z":0.5},"Type":0,"ParticleFacingOptions":1,"Radius":5.2000002861022949}}