{"emitter":{"ShowEmitterBoundBox":false,"ShowEmitter":true,"EmitterLifeMax":-1,"Transform":{"00":-0.24335110187530518,"01":0.17450539767742157,"02":0.01811276376247406,"03":0,"10":-0.16366569697856903,"11":-0.21464589238166809,"12":-0.13092246651649475,"13":0,"20":-0.063196197152137756,"21":-0.11608187109231949,"22":0.26931625604629517,"23":0,"30":21.319469451904297,"31":2.5912840366363525,"32":3.8435688018798828,"33":1},"SpawnRate":100,"Lifetime":1,"LifetimeVariation":0.80000001192092896,"EmissionDuration":5285.79443359375,"Loop":true,"Speed":0.05000000074505806,"SpeedVariation":0.20000000298023224,"BoundingBox_min":{"x":-0.5,"y":-0.5,"z":-0.5},"BoundingBox_max":{"x":0.5,"y":0.5,"z":0.5},"Type":0,"ParticleFacingOptions":1,"Radius":5.2000002861022949}}