{"emitter":{"ShowEmitterBoundBox":false,"ShowEmitter":false,"EmitterLifeMax":1,"Transform":{"00":1,"01":0,"02":0,"03":0,"10":0,"11":1,"12":0,"13":0,"20":0,"21":0,"22":1,"23":0,"30":1,"31":8.4188137054443359,"32":0,"33":1},"SpawnRate":20,"Lifetime":1,"LifetimeVariation":0.80000001192092896,"EmissionDuration":6660.21533203125,"Loop":false,"Speed":0.05000000074505806,"SpeedVariation":0.20000000298023224,"BoundingBox_min":{"x":-0.5,"y":-0.5,"z":-0.5},"BoundingBox_max":{"x":0.5,"y":0.5,"z":0.5},"Type":0,"ParticleFacingOptions":1,"Radius":5.2000002861022949}}