{"emitter":{"ShowEmitterBoundBox":false,"ShowEmitter":false,"EmitterLifeMax":1.1000000238418579,"Transform":{"00":1,"01":0,"02":0,"03":0,"10":0,"11":1,"12":0,"13":0,"20":0,"21":0,"22":1,"23":0,"30":1.7263901233673096,"31":0.037467949092388153,"32":16.653285980224609,"33":1},"SpawnRate":30,"Lifetime":0.72000002861022949,"LifetimeVariation":0.61000001430511475,"EmissionDuration":380.78927612304688,"Loop":false,"Speed":0.030000001192092896,"SpeedVariation":0.030000001192092896,"BoundingBox_min":{"x":-0.5,"y":-0.5,"z":-0.5},"BoundingBox_max":{"x":0.5,"y":0.5,"z":0.5},"Type":2,"ParticleFacingOptions":2,"URadius":0,"BRadius":0.80000001192092896,"heigth":3.9000000953674316,"ChildParticle":"C:\\Users\\Kay\\Documents\\GitHub\\TempMotor3D_P3\\Engine\\Game\\Assets\\ParticleSystem\\Particles\\Smoke.json"}}