{"emitter":{"ShowEmitterBoundBox":false,"ShowEmitter":true,"EmitterLifeMax":0.10000000149011612,"Transform":{"00":1,"01":0,"02":0,"03":0,"10":0,"11":-0.99994587898254395,"12":2.3840568985633581e-07,"13":0,"20":0,"21":-2.3840568985633581e-07,"22":-0.99994587898254395,"23":0,"30":51.476291656494141,"31":14.498992919921875,"32":13.364132881164551,"33":1},"SpawnRate":40,"Lifetime":1,"LifetimeVariation":0.5,"EmissionDuration":1240.52783203125,"Loop":false,"Speed":1,"SpeedVariation":0.20000000298023224,"BoundingBox_min":{"x":-0.5,"y":-0.5,"z":-0.5},"BoundingBox_max":{"x":0.5,"y":0.5,"z":0.5},"Type":0,"ParticleFacingOptions":1,"SourceBlendType":770,"DestinyBlendType":771,"Glow":false,"Radius":1}}