{"emitter":{"ShowEmitterBoundBox":false,"ShowEmitter":true,"EmitterLifeMax":0.10000000149011612,"Transform":{"00":-2.384185791015625e-07,"01":0,"02":1.0000001192092896,"03":0,"10":1.0000001192092896,"11":-1.1920928955078125e-07,"12":1.1920928955078125e-07,"13":0,"20":0,"21":1.0000001192092896,"22":-1.1920928955078125e-07,"23":0,"30":50.620670318603516,"31":15.445367813110352,"32":13.736691474914551,"33":1},"SpawnRate":200,"Lifetime":0.15000000596046448,"LifetimeVariation":0,"EmissionDuration":779.01513671875,"Loop":false,"Speed":21.05000114440918,"SpeedVariation":0,"BoundingBox_min":{"x":-0.5,"y":-0.5,"z":-0.5},"BoundingBox_max":{"x":0.5,"y":0.5,"z":0.5},"Type":0,"ParticleFacingOptions":1,"SourceBlendType":770,"DestinyBlendType":1,"Glow":true,"URadius":1.5,"BRadius":1,"heigth":1,"Radius":1}}