{"emitter":{"ShowEmitterBoundBox":false,"ShowEmitter":true,"EmitterLifeMax":0.20000000298023224,"Transform":{"00":-1.1920928955078125e-07,"01":-1.1920928955078125e-07,"02":1.0000001192092896,"03":0,"10":1.0000001192092896,"11":-1.1920928955078125e-07,"12":0,"13":0,"20":0,"21":1.0000001192092896,"22":0,"23":0,"30":90.899993896484375,"31":8,"32":316.49996948242188,"33":1},"SpawnRate":250,"Lifetime":1,"LifetimeVariation":0,"EmissionDuration":211.04472351074219,"Loop":false,"Speed":10,"SpeedVariation":0,"BoundingBox_min":{"x":-0.5,"y":-0.5,"z":-0.5},"BoundingBox_max":{"x":0.5,"y":0.5,"z":0.5},"Type":0,"ParticleFacingOptions":1,"SourceBlendType":770,"DestinyBlendType":1,"Glow":true,"URadius":1.5,"BRadius":1,"heigth":1,"Radius":1}}