{"emitter":{"ShowEmitterBoundBox":false,"ShowEmitter":false,"EmitterLifeMax":-1,"Transform":{"00":1,"01":0,"02":0,"03":0,"10":0,"11":1.0000001192092896,"12":0,"13":0,"20":0,"21":0,"22":1.0000001192092896,"23":0,"30":97.534004211425781,"31":8,"32":315.49996948242188,"33":1},"SpawnRate":1,"Lifetime":50,"LifetimeVariation":0,"EmissionDuration":1461.1177978515625,"Loop":true,"Speed":0,"SpeedVariation":0,"BoundingBox_min":{"x":-0.5,"y":-0.5,"z":-0.5},"BoundingBox_max":{"x":0.5,"y":0.5,"z":0.5},"Type":0,"ParticleFacingOptions":2,"SourceBlendType":770,"DestinyBlendType":768,"Glow":false,"Radius":1}}