{"emitter":{"ShowEmitterBoundBox":false,"ShowEmitter":true,"EmitterLifeMax":0.20000000298023224,"Transform":{"00":1,"01":0,"02":0,"03":0,"10":0,"11":1,"12":0,"13":0,"20":0,"21":0,"22":1,"23":0,"30":49.781185150146484,"31":0.4638209342956543,"32":51.15106201171875,"33":1},"SpawnRate":60,"Lifetime":0.5,"LifetimeVariation":0,"EmissionDuration":857.6239013671875,"Loop":false,"Speed":30,"SpeedVariation":10,"BoundingBox_min":{"x":-0.5,"y":-0.5,"z":-0.5},"BoundingBox_max":{"x":0.5,"y":0.5,"z":0.5},"Type":3,"ParticleFacingOptions":1,"SourceBlendType":770,"DestinyBlendType":771,"Glow":false,"EmitterAABB_min":{"x":-5,"y":-0.5,"z":-12.500000953674316},"EmitterAABB_max":{"x":5,"y":0.5,"z":12.500000953674316}}}