{"emitter":{"ShowEmitterBoundBox":false,"ShowEmitter":false,"EmitterLifeMax":0.20000000298023224,"Transform":{"00":-1.1920928955078125e-07,"01":1.0000001192092896,"02":0,"03":0,"10":-1.0000001192092896,"11":-1.1920928955078125e-07,"12":0,"13":0,"20":0,"21":0,"22":1,"23":0,"30":188.5,"31":8,"32":154.18893432617188,"33":1},"SpawnRate":20,"Lifetime":0.5,"LifetimeVariation":0,"EmissionDuration":824.97174072265625,"Loop":false,"Speed":0,"SpeedVariation":0,"BoundingBox_min":{"x":-0.5,"y":-0.5,"z":-0.5},"BoundingBox_max":{"x":0.5,"y":0.5,"z":0.5},"Type":2,"ParticleFacingOptions":1,"SourceBlendType":770,"DestinyBlendType":1,"Glow":false,"URadius":1.5,"BRadius":1,"heigth":1}}