{"emitter":{"ShowEmitterBoundBox":false,"ShowEmitter":false,"EmitterLifeMax":0.20000000298023224,"Transform":{"00":1,"01":0,"02":0,"03":0,"10":0,"11":-1.1920733555825791e-07,"12":-0.99998354911804199,"13":0,"20":0,"21":0.99998354911804199,"22":-1.1920733555825791e-07,"23":0,"30":52.425193786621094,"31":14.643793106079102,"32":15.169183731079102,"33":1},"SpawnRate":20,"Lifetime":0.5,"LifetimeVariation":0,"EmissionDuration":3773.86083984375,"Loop":false,"Speed":0,"SpeedVariation":0,"BoundingBox_min":{"x":-0.5,"y":-0.5,"z":-0.5},"BoundingBox_max":{"x":0.5,"y":0.5,"z":0.5},"Type":2,"ParticleFacingOptions":1,"SourceBlendType":770,"DestinyBlendType":771,"Glow":false,"URadius":1.5,"BRadius":1,"heigth":1}}