{"emitter":{"ShowEmitterBoundBox":false,"ShowEmitter":false,"EmitterLifeMax":1,"Transform":{"00":1,"01":0,"02":0,"03":0,"10":0,"11":1.0000001192092896,"12":0,"13":0,"20":0,"21":0,"22":1.0000001192092896,"23":0,"30":49.247394561767578,"31":0.041083171963691711,"32":24.505165100097656,"33":1},"SpawnRate":1,"Lifetime":15,"LifetimeVariation":0,"EmissionDuration":1735.281982421875,"Loop":false,"Speed":0,"SpeedVariation":0,"BoundingBox_min":{"x":-0.5,"y":-0.5,"z":-0.5},"BoundingBox_max":{"x":0.5,"y":0.5,"z":0.5},"Type":0,"ParticleFacingOptions":3,"SourceBlendType":770,"DestinyBlendType":771,"Glow":false,"Radius":1}}