{"emitter":{"ShowEmitterBoundBox":false,"ShowEmitter":false,"EmitterLifeMax":0.20000000298023224,"Transform":{"00":1,"01":0,"02":0,"03":0,"10":0,"11":1,"12":0,"13":0,"20":0,"21":0,"22":1,"23":0,"30":49.781185150146484,"31":0,"32":46.396263122558594,"33":1},"SpawnRate":10,"Lifetime":0.5,"LifetimeVariation":0,"EmissionDuration":375.71429443359375,"Loop":false,"Speed":50,"SpeedVariation":0,"BoundingBox_min":{"x":-0.5,"y":-0.5,"z":-0.5},"BoundingBox_max":{"x":0.5,"y":0.5,"z":0.5},"Type":2,"ParticleFacingOptions":1,"SourceBlendType":770,"DestinyBlendType":771,"Glow":false,"URadius":1.3000000715255737,"BRadius":1,"heigth":1}}