{"emitter":{"ShowEmitterBoundBox":false,"ShowEmitter":false,"EmitterLifeMax":0.10000000149011612,"Transform":{"00":1,"01":0,"02":0,"03":0,"10":0,"11":-1.1920607079218826e-07,"12":-0.99997293949127197,"13":0,"20":0,"21":0.99997293949127197,"22":-1.1920607079218826e-07,"23":0,"30":51.476291656494141,"31":14.498992919921875,"32":13.364132881164551,"33":1},"SpawnRate":20,"Lifetime":0.5,"LifetimeVariation":0,"EmissionDuration":1331.418212890625,"Loop":false,"Speed":0,"SpeedVariation":0,"BoundingBox_min":{"x":-0.5,"y":-0.5,"z":-0.5},"BoundingBox_max":{"x":0.5,"y":0.5,"z":0.5},"Type":2,"ParticleFacingOptions":1,"SourceBlendType":770,"DestinyBlendType":1,"Glow":false,"URadius":1.5,"BRadius":1,"heigth":1}}