{"emitter":{"ShowEmitterBoundBox":false,"ShowEmitter":false,"EmitterLifeMax":0.20000000298023224,"Transform":{"00":1,"01":0,"02":0,"03":0,"10":0,"11":5.9604644775390625e-08,"12":-1,"13":0,"20":0,"21":1,"22":5.9604644775390625e-08,"23":0,"30":97.506996154785156,"31":8,"32":315.49996948242188,"33":1},"SpawnRate":20,"Lifetime":0.5,"LifetimeVariation":0,"EmissionDuration":2995.103515625,"Loop":false,"Speed":0,"SpeedVariation":0,"BoundingBox_min":{"x":-0.5,"y":-0.5,"z":-0.5},"BoundingBox_max":{"x":0.5,"y":0.5,"z":0.5},"Type":2,"ParticleFacingOptions":1,"SourceBlendType":770,"DestinyBlendType":771,"Glow":false,"URadius":1.5,"BRadius":1,"heigth":1}}