{"emitter":{"ShowEmitterBoundBox":false,"ShowEmitter":true,"EmitterLifeMax":-1,"Transform":{"00":-0.1062246710062027,"01":0.70756226778030396,"02":0.69862180948257446,"03":0,"10":0.10636123269796371,"11":0.70665085315704346,"12":-0.69952213764190674,"13":0,"20":-0.98863714933395386,"21":-1.4901156930591242e-07,"22":-0.15032096207141876,"23":0,"30":6.5330309867858887,"31":-72.400382995605469,"32":0.018645999953150749,"33":1},"SpawnRate":2,"Lifetime":1,"LifetimeVariation":0,"EmissionDuration":0,"Loop":true,"Speed":5,"SpeedVariation":0,"BoundingBox_min":{"x":-0.5,"y":-0.5,"z":-0.5},"BoundingBox_max":{"x":0.5,"y":0.5,"z":0.5},"Type":2,"ParticleFacingOptions":1,"URadius":1.5,"BRadius":1,"heigth":1}}