{"emitter":{"ShowEmitterBoundBox":false,"ShowEmitter":true,"EmitterLifeMax":-1,"Transform":{"00":0.69862180948257446,"01":0.70756208896636963,"02":0.10622437298297882,"03":0,"10":-0.69952195882797241,"11":0.70665103197097778,"12":-0.10636109113693237,"13":0,"20":-0.1503206342458725,"21":-8.9406938741376507e-08,"22":0.98863697052001953,"23":0,"30":-0.17601700127124786,"31":-72.400382995605469,"32":-6.7276949882507324,"33":1},"SpawnRate":2,"Lifetime":1,"LifetimeVariation":0,"EmissionDuration":0,"Loop":true,"Speed":5,"SpeedVariation":0,"BoundingBox_min":{"x":-0.5,"y":-0.5,"z":-0.5},"BoundingBox_max":{"x":0.5,"y":0.5,"z":0.5},"Type":2,"ParticleFacingOptions":1,"URadius":1.5,"BRadius":1,"heigth":1}}