{"emitter":{"ShowEmitterBoundBox":false,"ShowEmitter":true,"EmitterLifeMax":-1,"Transform":{"00":0.41888770461082458,"01":0.70756226778030396,"02":0.56911212205886841,"03":0,"10":-0.4194280207157135,"11":0.70665091276168823,"12":-0.56984609365463257,"13":0,"20":-0.80536526441574097,"21":2.9802318834981634e-08,"22":0.59277886152267456,"23":0,"30":4.5757198333740234,"31":-72.400382995605469,"32":-4.744013786315918,"33":1},"SpawnRate":2,"Lifetime":1,"LifetimeVariation":0,"EmissionDuration":0,"Loop":true,"Speed":5,"SpeedVariation":0,"BoundingBox_min":{"x":-0.5,"y":-0.5,"z":-0.5},"BoundingBox_max":{"x":0.5,"y":0.5,"z":0.5},"Type":2,"ParticleFacingOptions":1,"URadius":1.5,"BRadius":1,"heigth":1}}