{"emitter":{"ShowEmitterBoundBox":false,"ShowEmitter":true,"EmitterLifeMax":-1,"Transform":{"00":0.10622419416904449,"01":0.70756202936172485,"02":-0.69862198829650879,"03":0,"10":-0.10636099427938461,"11":0.70665109157562256,"12":0.69952189922332764,"13":0,"20":0.98863708972930908,"21":-8.9406938741376507e-08,"22":0.15032042562961578,"23":0,"30":-6.9223580360412598,"31":-72.400382995605469,"32":-0.018645999953150749,"33":1},"SpawnRate":2,"Lifetime":1,"LifetimeVariation":0,"EmissionDuration":0,"Loop":true,"Speed":5,"SpeedVariation":0,"BoundingBox_min":{"x":-0.5,"y":-0.5,"z":-0.5},"BoundingBox_max":{"x":0.5,"y":0.5,"z":0.5},"Type":2,"ParticleFacingOptions":1,"URadius":1.5,"BRadius":1,"heigth":1}}