{"emitter":{"ShowEmitterBoundBox":false,"ShowEmitter":true,"EmitterLifeMax":-1,"Transform":{"00":-0.56911194324493408,"01":0.70756208896636963,"02":0.4188879132270813,"03":0,"10":0.56984585523605347,"11":0.70665103197097778,"12":-0.41942805051803589,"13":0,"20":-0.59277904033660889,"21":4.4703476476115611e-08,"22":-0.80536496639251709,"23":0,"30":4.5493507385253906,"31":-72.400382995605469,"32":4.7703828811645508,"33":1},"SpawnRate":2,"Lifetime":1,"LifetimeVariation":0,"EmissionDuration":0,"Loop":true,"Speed":5,"SpeedVariation":0,"BoundingBox_min":{"x":-0.5,"y":-0.5,"z":-0.5},"BoundingBox_max":{"x":0.5,"y":0.5,"z":0.5},"Type":2,"ParticleFacingOptions":1,"URadius":1.5,"BRadius":1,"heigth":1}}