{"emitter":{"ShowEmitterBoundBox":false,"ShowEmitter":false,"EmitterLifeMax":1,"Transform":{"00":0.09232417494058609,"01":0.079252712428569794,"02":0.27421766519546509,"03":0,"10":-0.23065875470638275,"11":-0.14905790984630585,"12":0.12073854357004166,"13":0,"20":0.16814474761486053,"21":-0.24799403548240662,"22":0.015062320046126842,"23":0,"30":45.624549865722656,"31":8.1904544830322266,"32":31.658746719360352,"33":1},"SpawnRate":8,"Lifetime":3.809999942779541,"LifetimeVariation":0,"EmissionDuration":2226.36962890625,"Loop":false,"Speed":0.12999999523162842,"SpeedVariation":0.0099999997764825821,"BoundingBox_min":{"x":-0.5,"y":-0.5,"z":-0.5},"BoundingBox_max":{"x":0.5,"y":0.5,"z":0.5},"Type":0,"ParticleFacingOptions":1,"EmitterAABB_min":{"x":-7,"y":-1.5,"z":-7},"EmitterAABB_max":{"x":7,"y":1.5,"z":7},"Radius":1,"SourceBlendType":770,"DestinyBlendType":771,"Glow":true}}