{"emitter":{"ShowEmitterBoundBox":false,"ShowEmitter":false,"EmitterLifeMax":1,"Transform":{"00":1,"01":0,"02":0,"03":0,"10":0,"11":1,"12":0,"13":0,"20":0,"21":0,"22":1,"23":0,"30":24.044353485107422,"31":0.67191648483276367,"32":23.186500549316406,"33":1},"SpawnRate":9,"Lifetime":3.809999942779541,"LifetimeVariation":0,"EmissionDuration":2640.65380859375,"Loop":false,"Speed":0.12999999523162842,"SpeedVariation":0.0099999997764825821,"BoundingBox_min":{"x":-0.5,"y":-0.5,"z":-0.5},"BoundingBox_max":{"x":0.5,"y":0.5,"z":0.5},"Type":3,"ParticleFacingOptions":1,"SourceBlendType":770,"DestinyBlendType":771,"Glow":false,"Radius":1,"EmitterAABB_min":{"x":-6.5,"y":-1.5,"z":-6.5},"EmitterAABB_max":{"x":6.5,"y":1.5,"z":6.5}}}