{"emitter":{"ShowEmitterBoundBox":false,"ShowEmitter":false,"EmitterLifeMax":-1,"Transform":{"00":1,"01":0,"02":0,"03":0,"10":0,"11":0.70710670948028564,"12":0.7071068286895752,"13":0,"20":0,"21":-0.7071068286895752,"22":0.70710670948028564,"23":0,"30":0,"31":0,"32":0,"33":1},"SpawnRate":2,"Lifetime":1,"LifetimeVariation":0,"EmissionDuration":224.97123718261719,"Loop":true,"Speed":0,"SpeedVariation":0,"BoundingBox_min":{"x":-0.5,"y":-0.5,"z":-0.5},"BoundingBox_max":{"x":0.5,"y":0.5,"z":0.5},"Type":2,"ParticleFacingOptions":1,"URadius":1.5,"BRadius":1,"heigth":1}}