{"emitter":{"ShowEmitterBoundBox":false,"ShowEmitter":false,"EmitterLifeMax":0.20000000298023224,"Transform":{"00":1,"01":0,"02":0,"03":0,"10":0,"11":1,"12":0,"13":0,"20":0,"21":0,"22":1,"23":0,"30":31.202568054199219,"31":14.540729522705078,"32":17.040092468261719,"33":1},"SpawnRate":7,"Lifetime":1.1400001049041748,"LifetimeVariation":0,"EmissionDuration":3158.35888671875,"Loop":false,"Speed":0.72000002861022949,"SpeedVariation":0.0099999997764825821,"BoundingBox_min":{"x":-0.5,"y":-0.5,"z":-0.5},"BoundingBox_max":{"x":0.5,"y":0.5,"z":0.5},"Type":0,"ParticleFacingOptions":1,"SourceBlendType":770,"DestinyBlendType":771,"Glow":true,"Radius":1}}