{"emitter":{"ShowEmitterBoundBox":false,"ShowEmitter":false,"EmitterLifeMax":1,"Transform":{"00":1,"01":0,"02":0,"03":0,"10":0,"11":1,"12":0,"13":0,"20":0,"21":0,"22":1,"23":0,"30":1,"31":8.4188137054443359,"32":0,"33":1},"SpawnRate":12,"Lifetime":3.8100001811981201,"LifetimeVariation":0,"EmissionDuration":5637.09716796875,"Loop":false,"Speed":0.13000001013278961,"SpeedVariation":0.010000000707805157,"BoundingBox_min":{"x":-0.5,"y":-0.5,"z":-0.5},"BoundingBox_max":{"x":0.5,"y":0.5,"z":0.5},"Type":3,"ParticleFacingOptions":1,"EmitterAABB_min":{"x":-6.5,"y":-1.5000001192092896,"z":-6.5},"EmitterAABB_max":{"x":6.5,"y":1.5000001192092896,"z":6.5},"Radius":3.4000000953674316}}
