{"emitter":{"ShowEmitterBoundBox":false,"ShowEmitter":false,"EmitterLifeMax":1,"Transform":{"00":1,"01":0,"02":0,"03":0,"10":0,"11":1,"12":0,"13":0,"20":0,"21":0,"22":1,"23":0,"30":0,"31":0,"32":0,"33":1},"SpawnRate":12,"Lifetime":3.809999942779541,"LifetimeVariation":0,"EmissionDuration":366.537109375,"Loop":false,"Speed":0.12999999523162842,"SpeedVariation":0.0099999997764825821,"BoundingBox_min":{"x":-0.5,"y":-0.5,"z":-0.5},"BoundingBox_max":{"x":0.5,"y":0.5,"z":0.5},"Type":0,"ParticleFacingOptions":1,"EmitterAABB_min":{"x":-6.5,"y":-1.5000001192092896,"z":-6.5},"EmitterAABB_max":{"x":6.5,"y":1.5000001192092896,"z":6.5},"Radius":1,"SourceBlendType":770,"DestinyBlendType":1,"Glow":false}}