{"emitter":{"ShowEmitterBoundBox":false,"ShowEmitter":false,"EmitterLifeMax":1,"Transform":{"00":0.09232417494058609,"01":0.079252704977989197,"02":0.27421769499778748,"03":0,"10":-0.23065878450870514,"11":-0.14905790984630585,"12":0.12073851376771927,"13":0,"20":0.16814479231834412,"21":-0.24799403548240662,"22":0.015062357299029827,"23":0,"30":1.9240670204162598,"31":1.2829935550689697,"32":-13.025267601013184,"33":1},"SpawnRate":12,"Lifetime":3.809999942779541,"LifetimeVariation":0,"EmissionDuration":336.05386352539063,"Loop":false,"Speed":0.12999999523162842,"SpeedVariation":0.0099999997764825821,"BoundingBox_min":{"x":-0.5,"y":-0.5,"z":-0.5},"BoundingBox_max":{"x":0.5,"y":0.5,"z":0.5},"Type":0,"ParticleFacingOptions":1,"EmitterAABB_min":{"x":-6.5,"y":-1.5000001192092896,"z":-6.5},"EmitterAABB_max":{"x":6.5,"y":1.5000001192092896,"z":6.5},"Radius":1,"SourceBlendType":770,"DestinyBlendType":1,"Glow":false}}