{"emitter":{"ShowEmitterBoundBox":false,"ShowEmitter":false,"EmitterLifeMax":0.20000000298023224,"Transform":{"00":1,"01":0,"02":0,"03":0,"10":0,"11":1,"12":0,"13":0,"20":0,"21":0,"22":1,"23":0,"30":0,"31":0,"32":0,"33":1},"SpawnRate":185,"Lifetime":0.80000001192092896,"LifetimeVariation":0,"EmissionDuration":179.82159423828125,"Loop":false,"Speed":2,"SpeedVariation":0.80000001192092896,"BoundingBox_min":{"x":-0.5,"y":-0.5,"z":-0.5},"BoundingBox_max":{"x":0.5,"y":0.5,"z":0.5},"Type":0,"ParticleFacingOptions":1,"Radius":2.2000000476837158,"SourceBlendType":770,"DestinyBlendType":1,"Glow":false}}