{"emitter":{"ShowEmitterBoundBox":false,"ShowEmitter":false,"EmitterLifeMax":3.0000002384185791,"Transform":{"00":1,"01":0,"02":0,"03":0,"10":0,"11":1,"12":0,"13":0,"20":0,"21":0,"22":1,"23":0,"30":-0.61986541748046875,"31":2.6250002384185791,"32":-2.3501358032226563,"33":1},"SpawnRate":4,"Lifetime":8.9899997711181641,"LifetimeVariation":0,"EmissionDuration":2056.72412109375,"Loop":false,"Speed":0.039999999105930328,"SpeedVariation":0,"BoundingBox_min":{"x":-0.5,"y":-0.5,"z":-0.5},"BoundingBox_max":{"x":0.5,"y":0.5,"z":0.5},"Type":2,"ParticleFacingOptions":1,"URadius":9,"BRadius":5.6999998092651367,"heigth":4}}