{"emitter":{"ShowEmitterBoundBox":false,"ShowEmitter":false,"EmitterLifeMax":-1,"Transform":{"00":1,"01":0,"02":0,"03":0,"10":0,"11":1,"12":0,"13":0,"20":0,"21":0,"22":1,"23":0,"30":0,"31":6.198883056640625e-06,"32":10.328178405761719,"33":1},"SpawnRate":1,"Lifetime":0.05000000074505806,"LifetimeVariation":0.029999999329447746,"EmissionDuration":566.83062744140625,"Loop":true,"Speed":0,"SpeedVariation":0,"BoundingBox_min":{"x":0,"y":0,"z":0},"BoundingBox_max":{"x":0,"y":0,"z":0},"Type":0,"ParticleFacingOptions":1,"Radius":1}}