{"emitter":{"ShowEmitterBoundBox":false,"ShowEmitter":false,"EmitterLifeMax":3.0000002384185791,"Transform":{"00":1,"01":0,"02":0,"03":0,"10":0,"11":1,"12":0,"13":0,"20":0,"21":0,"22":1,"23":0,"30":-3.0289576053619385,"31":-0.60949420928955078,"32":-31.730430603027344,"33":1},"SpawnRate":30,"Lifetime":2.7500002384185791,"LifetimeVariation":1.3700001239776611,"EmissionDuration":7943.7275390625,"Loop":false,"Speed":0.5,"SpeedVariation":0.010000000707805157,"BoundingBox_min":{"x":-0.5,"y":-0.5,"z":-0.5},"BoundingBox_max":{"x":0.5,"y":0.5,"z":0.5},"Type":2,"ParticleFacingOptions":1,"URadius":8.4000005722045898,"BRadius":5.7000002861022949,"heigth":7.3000001907348633}}