{"emitter":{"ShowEmitterBoundBox":false,"ShowEmitter":false,"EmitterLifeMax":1,"Transform":{"00":1,"01":0,"02":0,"03":0,"10":0,"11":1,"12":0,"13":0,"20":0,"21":0,"22":1,"23":0,"30":-5.5852727890014648,"31":7.3085947036743164,"32":-17.517486572265625,"33":1},"SpawnRate":23,"Lifetime":2.2899999618530273,"LifetimeVariation":0,"EmissionDuration":782.80133056640625,"Loop":true,"Speed":0.44999998807907104,"SpeedVariation":0,"BoundingBox_min":{"x":-0.5,"y":-0.5,"z":-0.5},"BoundingBox_max":{"x":0.5,"y":0.5,"z":0.5},"Type":0,"ParticleFacingOptions":1,"Radius":2.4000000953674316}}