{"emitter":{"ShowEmitterBoundBox":false,"ShowEmitter":false,"EmitterLifeMax":1,"Transform":{"00":0.049711838364601135,"01":-0.21009619534015656,"02":0.20829856395721436,"03":0,"10":-0.187991663813591,"11":0.14066325128078461,"12":0.18674267828464508,"13":0,"20":-0.22844670712947845,"21":-0.16147279739379883,"22":-0.1083458811044693,"23":0,"30":46.764972686767578,"31":6.487278938293457,"32":32.159214019775391,"33":1},"SpawnRate":23,"Lifetime":1.0300000905990601,"LifetimeVariation":0.80000001192092896,"EmissionDuration":14074.490234375,"Loop":false,"Speed":0.05000000074505806,"SpeedVariation":0.20000000298023224,"BoundingBox_min":{"x":-0.5,"y":-0.5,"z":-0.5},"BoundingBox_max":{"x":0.5,"y":0.5,"z":0.5},"Type":0,"ParticleFacingOptions":1,"SourceBlendType":770,"DestinyBlendType":771,"Glow":true,"Radius":5.2000002861022949}}