{"emitter":{"ShowEmitterBoundBox":false,"ShowEmitter":false,"EmitterLifeMax":3.0000002384185791,"Transform":{"00":1,"01":0,"02":0,"03":0,"10":0,"11":1,"12":0,"13":0,"20":0,"21":0,"22":1,"23":0,"30":24.920957565307617,"31":1.4421517848968506,"32":23.188480377197266,"33":1},"SpawnRate":30,"Lifetime":2.7500002384185791,"LifetimeVariation":0,"EmissionDuration":8556.560546875,"Loop":false,"Speed":0.5,"SpeedVariation":0,"BoundingBox_min":{"x":-0.5,"y":-0.5,"z":-0.5},"BoundingBox_max":{"x":0.5,"y":0.5,"z":0.5},"Type":2,"ParticleFacingOptions":1,"SourceBlendType":770,"DestinyBlendType":1,"Glow":false,"URadius":9.2000007629394531,"BRadius":8,"heigth":6.8000001907348633}}