{"emitter":{"ShowEmitterBoundBox":false,"ShowEmitter":false,"EmitterLifeMax":3.0000002384185791,"Transform":{"00":1,"01":0,"02":0,"03":0,"10":0,"11":1,"12":0,"13":0,"20":0,"21":0,"22":1,"23":0,"30":-0.60391128063201904,"31":1.3879046440124512,"32":-31.223045349121094,"33":1},"SpawnRate":30,"Lifetime":2.7500002384185791,"LifetimeVariation":0,"EmissionDuration":7217.43896484375,"Loop":false,"Speed":0.5,"SpeedVariation":0,"BoundingBox_min":{"x":-0.5,"y":-0.5,"z":-0.5},"BoundingBox_max":{"x":0.5,"y":0.5,"z":0.5},"Type":2,"ParticleFacingOptions":1,"URadius":9.2000007629394531,"BRadius":8,"heigth":6.8000001907348633}}