{"emitter":{"ShowEmitterBoundBox":false,"ShowEmitter":false,"EmitterLifeMax":0.20000000298023224,"Transform":{"00":1,"01":0,"02":0,"03":0,"10":0,"11":1,"12":0,"13":0,"20":0,"21":0,"22":1,"23":0,"30":31.202568054199219,"31":14.540729522705078,"32":17.040092468261719,"33":1},"SpawnRate":22,"Lifetime":1.1399999856948853,"LifetimeVariation":0,"EmissionDuration":1497.5986328125,"Loop":false,"Speed":1.3000000715255737,"SpeedVariation":0,"BoundingBox_min":{"x":-0.5,"y":-0.5,"z":-0.5},"BoundingBox_max":{"x":0.5,"y":0.5,"z":0.5},"Type":0,"ParticleFacingOptions":1,"SourceBlendType":770,"DestinyBlendType":771,"Glow":false,"Radius":2.2999999523162842}}