{"emitter":{"ShowEmitterBoundBox":false,"ShowEmitter":true,"EmitterLifeMax":0.20000000298023224,"Transform":{"00":1,"01":0,"02":0,"03":0,"10":0,"11":1,"12":0,"13":0,"20":0,"21":0,"22":1,"23":0,"30":13.186969757080078,"31":4.9116497039794922,"32":18.098617553710938,"33":1},"SpawnRate":274,"Lifetime":0.52000004053115845,"LifetimeVariation":0,"EmissionDuration":154.936279296875,"Loop":false,"Speed":2.9700000286102295,"SpeedVariation":2.2999999523162842,"BoundingBox_min":{"x":-0.5,"y":-0.5,"z":-0.5},"BoundingBox_max":{"x":0.5,"y":0.5,"z":0.5},"Type":2,"ParticleFacingOptions":3,"URadius":3.3000001907348633,"BRadius":1.6000000238418579,"heigth":3.2000000476837158}}