{"emitter":{"ShowEmitterBoundBox":false,"ShowEmitter":true,"EmitterLifeMax":0.10000000149011612,"Transform":{"00":1,"01":0,"02":0,"03":0,"10":0,"11":1,"12":0,"13":0,"20":0,"21":0,"22":1,"23":0,"30":-3.9425168037414551,"31":0.42055630683898926,"32":14.240530014038086,"33":1},"SpawnRate":331,"Lifetime":0.20000000298023224,"LifetimeVariation":0,"EmissionDuration":189.81477355957031,"Loop":false,"Speed":100,"SpeedVariation":0.05000000074505806,"BoundingBox_min":{"x":-0.5,"y":-0.5,"z":-0.5},"BoundingBox_max":{"x":0.5,"y":0.5,"z":0.5},"Type":0,"ParticleFacingOptions":1,"Radius":0.90000003576278687}}