{"emitter":{"ShowEmitterBoundBox":false,"ShowEmitter":true,"EmitterLifeMax":-1,"Transform":{"00":-2.6827788352966309,"01":1.5990602264537301e-07,"02":-3.1981213055587432e-07,"03":0,"10":-3.1981210213416489e-07,"11":2.6827788352966309,"12":-1.1193425279998337e-06,"13":0,"20":4.7971821004466619e-07,"21":-9.5943642008933239e-07,"22":-2.6827788352966309,"23":0,"30":101.54270935058594,"31":18.045625686645508,"32":874.7896728515625,"33":1},"SpawnRate":15,"Lifetime":0.40000000596046448,"LifetimeVariation":0.080000005662441254,"EmissionDuration":3493.60595703125,"Loop":true,"Speed":0,"SpeedVariation":0.13000001013278961,"BoundingBox_min":{"x":0.14000000059604645,"y":-0.5,"z":-0.5},"BoundingBox_max":{"x":0.5,"y":0.5,"z":0.5},"Type":2,"ParticleFacingOptions":1,"URadius":0.80000001192092896,"BRadius":0.30000001192092896,"heigth":0.60000002384185791}}