{"emitter":{"ShowEmitterBoundBox":false,"ShowEmitter":true,"EmitterLifeMax":-1,"Transform":{"00":2.6827785968780518,"01":1.3979434302583815e-14,"02":3.1981213055587432e-07,"03":0,"10":-1.2835316576947919e-13,"11":2.6827785968780518,"12":9.5943642008933239e-07,"13":0,"20":-3.1981213055587432e-07,"21":-9.5943642008933239e-07,"22":2.6827785968780518,"23":0,"30":634.747802734375,"31":17.817066192626953,"32":699.58441162109375,"33":1},"SpawnRate":1,"Lifetime":1,"LifetimeVariation":0,"EmissionDuration":5191.38232421875,"Loop":true,"Speed":0,"SpeedVariation":0,"BoundingBox_min":{"x":-0.5,"y":-0.5,"z":-0.5},"BoundingBox_max":{"x":0.5,"y":0.5,"z":0.5},"Type":2,"ParticleFacingOptions":1,"URadius":0,"BRadius":0,"heigth":0}}