{"emitter":{"ShowEmitterBoundBox":false,"ShowEmitter":false,"EmitterLifeMax":-1,"Transform":{"00":1,"01":0,"02":0,"03":0,"10":0,"11":1,"12":0,"13":0,"20":0,"21":0,"22":1,"23":0,"30":39.366794586181641,"31":17.740896224975586,"32":152.45816040039063,"33":1},"SpawnRate":20,"Lifetime":1.5500000715255737,"LifetimeVariation":0.23000000417232513,"EmissionDuration":1484.7811279296875,"Loop":true,"Speed":0.13000001013278961,"SpeedVariation":0.020000001415610313,"BoundingBox_min":{"x":-0.5,"y":-0.5,"z":-0.5},"BoundingBox_max":{"x":0.5,"y":0.5,"z":0.5},"Type":2,"ParticleFacingOptions":1,"URadius":2.2000000476837158,"BRadius":0.5,"heigth":4}}