{"emitter":{"ShowEmitterBoundBox":false,"ShowEmitter":true,"EmitterLifeMax":-1,"Transform":{"00":-3.1981213055587432e-07,"01":1.5990606527793716e-07,"02":2.6827785968780518,"03":0,"10":-4.7971821004466619e-07,"11":2.6827785968780518,"12":2.7089129114179778e-28,"13":0,"20":-2.6827785968780518,"21":-6.3962426111174864e-07,"22":-1.5990599422366358e-07,"23":0,"30":-14.210270881652832,"31":18.045625686645508,"32":0.057291451841592789,"33":1},"SpawnRate":15,"Lifetime":0.40000000596046448,"LifetimeVariation":0.080000005662441254,"EmissionDuration":1085.01611328125,"Loop":true,"Speed":0,"SpeedVariation":0.13000001013278961,"BoundingBox_min":{"x":0.14000000059604645,"y":-0.5,"z":-0.5},"BoundingBox_max":{"x":0.5,"y":0.5,"z":0.5},"Type":2,"ParticleFacingOptions":1,"URadius":0.80000001192092896,"BRadius":0.30000001192092896,"heigth":0.60000002384185791}}