{"emitter":{"ShowEmitterBoundBox":false,"ShowEmitter":true,"EmitterLifeMax":-1,"Transform":{"00":-9.1233687271596864e-12,"01":1.3982679285804746e-14,"02":-2.6827089786529541,"03":0,"10":9.5941152267187135e-07,"11":2.6827785968780518,"12":1.3979052290724603e-14,"13":0,"20":2.6827089786529541,"21":-9.5943642008933239e-07,"22":-9.1233687271596864e-12,"23":0,"30":64.622566223144531,"31":19.967531204223633,"32":81.826286315917969,"33":1},"SpawnRate":1,"Lifetime":1.0300000905990601,"LifetimeVariation":0,"EmissionDuration":10451.453125,"Loop":true,"Speed":0,"SpeedVariation":0,"BoundingBox_min":{"x":-0.5,"y":-0.5,"z":-0.5},"BoundingBox_max":{"x":0.5,"y":0.5,"z":0.5},"Type":2,"ParticleFacingOptions":1,"URadius":0,"BRadius":0,"heigth":0,"SourceBlendType":770,"DestinyBlendType":1,"Glow":false}}