{"emitter":{"ShowEmitterBoundBox":false,"ShowEmitter":true,"EmitterLifeMax":-1,"Transform":{"00":2.8421709430404007e-14,"01":1.3979434302583815e-14,"02":-2.6827788352966309,"03":0,"10":9.5943653377617011e-07,"11":2.6827785968780518,"12":1.3979445314012129e-14,"13":0,"20":2.6827788352966309,"21":-9.5943642008933239e-07,"22":2.8421709430404007e-14,"23":0,"30":445.58432006835938,"31":17.817066192626953,"32":203.45219421386719,"33":1},"SpawnRate":1,"Lifetime":1,"LifetimeVariation":0,"EmissionDuration":7541.83544921875,"Loop":true,"Speed":0,"SpeedVariation":0,"BoundingBox_min":{"x":-0.5,"y":-0.5,"z":-0.5},"BoundingBox_max":{"x":0.5,"y":0.5,"z":0.5},"Type":2,"ParticleFacingOptions":1,"URadius":0,"BRadius":0,"heigth":0,"SourceBlendType":770,"DestinyBlendType":1,"Glow":false}}