{"emitter":{"ShowEmitterBoundBox":false,"ShowEmitter":true,"EmitterLifeMax":-1,"Transform":{"00":-3.1981213055587432e-07,"01":-3.1981210213416489e-07,"02":2.6827783584594727,"03":0,"10":-4.7971821004466619e-07,"11":2.6827783584594727,"12":4.7971815320124733e-07,"13":0,"20":-2.6827785968780518,"21":-6.3962420426832978e-07,"22":-1.5990609369964659e-07,"23":0,"30":-14.210270881652832,"31":18.045623779296875,"32":0.057294860482215881,"33":1},"SpawnRate":15,"Lifetime":0.40000000596046448,"LifetimeVariation":0.080000005662441254,"EmissionDuration":766.26519775390625,"Loop":true,"Speed":0,"SpeedVariation":0.13000001013278961,"BoundingBox_min":{"x":0.14000000059604645,"y":-0.5,"z":-0.5},"BoundingBox_max":{"x":0.5,"y":0.5,"z":0.5},"Type":2,"ParticleFacingOptions":1,"URadius":0.80000001192092896,"BRadius":0.30000001192092896,"heigth":0.60000002384185791}}