{"emitter":{"ShowEmitterBoundBox":false,"ShowEmitter":true,"EmitterLifeMax":-1,"Transform":{"00":-6.396243179551675e-07,"01":1.3979434302583815e-14,"02":2.6827788352966309,"03":0,"10":-9.5943653377617011e-07,"11":2.6827785968780518,"12":-2.4272689977747341e-13,"13":0,"20":-2.6827788352966309,"21":-9.5943642008933239e-07,"22":-6.396243179551675e-07,"23":0,"30":468.81564331054688,"31":17.817066192626953,"32":253.74781799316406,"33":1},"SpawnRate":1,"Lifetime":1,"LifetimeVariation":0,"EmissionDuration":5337.1845703125,"Loop":true,"Speed":0,"SpeedVariation":0,"BoundingBox_min":{"x":-0.5,"y":-0.5,"z":-0.5},"BoundingBox_max":{"x":0.5,"y":0.5,"z":0.5},"Type":2,"ParticleFacingOptions":1,"URadius":0,"BRadius":0,"heigth":0,"SourceBlendType":770,"DestinyBlendType":1,"Glow":false}}