{"emitter":{"ShowEmitterBoundBox":true,"ShowEmitter":true,"EmitterLifeMax":1.5000001192092896,"Transform":{"00":1,"01":0,"02":0,"03":0,"10":0,"11":1,"12":0,"13":0,"20":0,"21":0,"22":1,"23":0,"30":-2.1669554710388184,"31":0,"32":7.907505989074707,"33":1},"SpawnRate":288,"Lifetime":1.1200000047683716,"LifetimeVariation":0.26000002026557922,"EmissionDuration":518.40338134765625,"Loop":true,"Speed":0,"SpeedVariation":0,"BoundingBox_min":{"x":-0.5,"y":-0.81000006198883057,"z":-3.0200002193450928},"BoundingBox_max":{"x":1.8500001430511475,"y":1.1100000143051147,"z":1.2400000095367432},"Type":3,"ParticleFacingOptions":1,"EmitterAABB_min":{"x":-0.5,"y":-0.5,"z":-0.5},"EmitterAABB_max":{"x":0.5,"y":0.5,"z":0.5}}}