{"emitter":{"ShowEmitterBoundBox":false,"ShowEmitter":false,"EmitterLifeMax":3.0000002384185791,"Transform":{"00":1,"01":0,"02":0,"03":0,"10":0,"11":1,"12":0,"13":0,"20":0,"21":0,"22":1,"23":0,"30":24.044353485107422,"31":0.67191648483276367,"32":23.186500549316406,"33":1},"SpawnRate":88,"Lifetime":4,"LifetimeVariation":0,"EmissionDuration":12290.28515625,"Loop":false,"Speed":0.27000001072883606,"SpeedVariation":0.05000000074505806,"BoundingBox_min":{"x":-0.5,"y":-0.5,"z":-0.5},"BoundingBox_max":{"x":0.5,"y":0.5,"z":0.5},"Type":3,"ParticleFacingOptions":1,"EmitterAABB_min":{"x":-6.3499999046325684,"y":-0.44999998807907104,"z":-6.3500003814697266},"EmitterAABB_max":{"x":6.3499999046325684,"y":0.44999998807907104,"z":6.3500003814697266},"SourceBlendType":770,"DestinyBlendType":1,"Glow":true}}