{"emitter":{"ShowEmitterBoundBox":false,"ShowEmitter":false,"EmitterLifeMax":3.0000002384185791,"Transform":{"00":1,"01":0,"02":0,"03":0,"10":0,"11":1,"12":0,"13":0,"20":0,"21":0,"22":1,"23":0,"30":-1.4805145263671875,"31":0.61766934394836426,"32":-31.225025177001953,"33":1},"SpawnRate":88,"Lifetime":4,"LifetimeVariation":0,"EmissionDuration":7341.5546875,"Loop":false,"Speed":0.27000001072883606,"SpeedVariation":0.05000000074505806,"BoundingBox_min":{"x":-0.5,"y":-0.5,"z":-0.5},"BoundingBox_max":{"x":0.5,"y":0.5,"z":0.5},"Type":3,"ParticleFacingOptions":1,"EmitterAABB_min":{"x":-6.3499999046325684,"y":-0.44999998807907104,"z":-6.3499999046325684},"EmitterAABB_max":{"x":6.3499999046325684,"y":0.44999998807907104,"z":6.3499999046325684}}}
