{"Animation":{"Name":"Left Hand JamieAnimation3","Duration":0.041666999459266663,"TicksPerSecond":1,"NumBones":12,"Bone0":{"Name":"bezier8","NumPosKeys":1,"Position_Key0":{"Time":0,"Position":[-4.9527812004089355,-2.5015799999237061,0.78394299745559692]},"NumRotKeys":2,"Rotation_Key0":{"Time":0,"Rotation":[0.944549560546875,-0.14903320372104645,-0.28902530670166016,0.045603208243846893]},"Rotation_Key1":{"Time":0.041666999459266663,"Rotation":[0.88067001104354858,0.44029459357261658,-0.15220114588737488,-0.085999011993408203]},"NumScaleKeys":2,"Scale_Key0":{"Time":0,"Scale":[-1,-1.0000002384185791,-1.0000002384185791]},"Scale_Key1":{"Time":0.041666999459266663,"Scale":[-1.0000001192092896,-0.99999994039535522,-1.0000001192092896]}},"Bone1":{"Name":"bezier35","NumPosKeys":1,"Position_Key0":{"Time":0,"Position":[0.045873001217842102,-0.28386801481246948,0.0090359998866915703]},"NumRotKeys":2,"Rotation_Key0":{"Time":0,"Rotation":[0.0027221839409321547,0.015509781427681446,-0.13878214359283447,0.99019771814346313]},"Rotation_Key1":{"Time":0.041666999459266663,"Rotation":[-0.0068022306077182293,0.0142020583152771,-0.68858683109283447,0.72498291730880737]},"NumScaleKeys":2,"Scale_Key0":{"Time":0,"Scale":[1,0.99999982118606567,0.99999994039535522]},"Scale_Key1":{"Time":0.041666999459266663,"Scale":[1.0000003576278687,0.99999982118606567,0.99999994039535522]}},"Bone2":{"Name":"bezier39","NumPosKeys":1,"Position_Key0":{"Time":0,"Position":[0.085611000657081604,-0.19617000222206116,-0.0016299999551847577]},"NumRotKeys":2,"Rotation_Key0":{"Time":0,"Rotation":[-0.0058844722807407379,-0.02788083627820015,0.17258119583129883,0.98458307981491089]},"Rotation_Key1":{"Time":0.041666999459266663,"Rotation":[0.012533118017017841,-0.025590879842638969,-0.47034341096878052,0.88202333450317383]},"NumScaleKeys":2,"Scale_Key0":{"Time":0,"Scale":[1.0000001192092896,0.9999997615814209,0.99999994039535522]},"Scale_Key1":{"Time":0.041666999459266663,"Scale":[0.99999970197677612,0.9999997615814209,0.99999994039535522]}},"Bone3":{"Name":"bezier34","NumPosKeys":1,"Position_Key0":{"Time":0,"Position":[-4.8887271881103516,-2.5016899108886719,0.1617950052022934]},"NumRotKeys":2,"Rotation_Key0":{"Time":0,"Rotation":[0.9651152491569519,-0.057218808680772781,0.25504902005195618,-0.01512098778039217]},"Rotation_Key1":{"Time":0.041666999459266663,"Rotation":[0.94556337594985962,0.2615717351436615,0.18836405873298645,-0.044824056327342987]},"NumScaleKeys":2,"Scale_Key0":{"Time":0,"Scale":[-1,-1.0000002384185791,-1.0000003576278687]},"Scale_Key1":{"Time":0.041666999459266663,"Scale":[-1.0000007152557373,-1,-1.0000003576278687]}},"Bone4":{"Name":"bezier38","NumPosKeys":1,"Position_Key0":{"Time":0,"Position":[0.02137799933552742,-0.19199100136756897,-0.00072900002123787999]},"NumRotKeys":2,"Rotation_Key0":{"Time":0,"Rotation":[-0.041348159313201904,-0.040695603936910629,-0.060757502913475037,0.99646514654159546]},"Rotation_Key1":{"Time":0.041666999459266663,"Rotation":[0.1304410845041275,-0.20591568946838379,-0.72437751293182373,0.64487302303314209]},"NumScaleKeys":2,"Scale_Key0":{"Time":0,"Scale":[1.0000002384185791,1.0000003576278687,0.99999958276748657]},"Scale_Key1":{"Time":0.041666999459266663,"Scale":[1.0000003576278687,1.0000005960464478,1.0000001192092896]}},"Bone5":{"Name":"bezier42","NumPosKeys":1,"Position_Key0":{"Time":0,"Position":[0.054722998291254044,-0.16532699763774872,-0.014192000031471252]},"NumRotKeys":2,"Rotation_Key0":{"Time":0,"Rotation":[-0.0053988383151590824,-0.04073062539100647,-0.003397888271138072,0.99914979934692383]},"Rotation_Key1":{"Time":0.041666999459266663,"Rotation":[0.098361827433109283,0.31854438781738281,-0.66913837194442749,0.66416001319885254]},"NumScaleKeys":2,"Scale_Key0":{"Time":0,"Scale":[1,1.0000003576278687,1.0000002384185791]},"Scale_Key1":{"Time":0.041666999459266663,"Scale":[1.0000003576278687,0.99999994039535522,1]}},"Bone6":{"Name":"bezier33","NumPosKeys":1,"Position_Key0":{"Time":0,"Position":[-4.9557209014892578,-2.500175952911377,0.37820899486541748]},"NumRotKeys":2,"Rotation_Key0":{"Time":0,"Rotation":[0.98689287900924683,-0.1613766998052597,-0,0]},"Rotation_Key1":{"Time":0.041666999459266663,"Rotation":[0.9550747275352478,0.29621684551239014,0.0031230547465384007,0.0088354367762804031]},"NumScaleKeys":2,"Scale_Key0":{"Time":0,"Scale":[-0.99999988079071045,-0.99999988079071045,-1]},"Scale_Key1":{"Time":0.041666999459266663,"Scale":[-1.0000003576278687,-0.99999982118606567,-0.99999964237213135]}},"Bone7":{"Name":"bezier37","NumPosKeys":2,"Position_Key0":{"Time":0,"Position":[-4.0232791900634766,3.9894769191741943,-0.37881800532341003]},"Position_Key1":{"Time":0.041666999459266663,"Position":[3.6320018768310547,4.3122830390930176,-0.37881800532341003]},"NumRotKeys":2,"Rotation_Key0":{"Time":0,"Rotation":[0,0,-0.1613766998052597,0.98689287900924683]},"Rotation_Key1":{"Time":0.041666999459266663,"Rotation":[0,0,-0.7650219202041626,0.64400428533554077]},"NumScaleKeys":2,"Scale_Key0":{"Time":0,"Scale":[0.99999988079071045,0.99999988079071045,1]},"Scale_Key1":{"Time":0.041666999459266663,"Scale":[1.0000002384185791,1.0000002384185791,1]}},"Bone8":{"Name":"bezier41","NumPosKeys":2,"Position_Key0":{"Time":0,"Position":[0,0,0]},"Position_Key1":{"Time":0.041666999459266663,"Position":[9.2373275756835938,1.5817919969558716,0]},"NumRotKeys":2,"Rotation_Key0":{"Time":0,"Rotation":[0,0,0,1]},"Rotation_Key1":{"Time":0.041666999459266663,"Rotation":[0,0,-0.76798039674758911,0.64047330617904663]},"NumScaleKeys":2,"Scale_Key0":{"Time":0,"Scale":[1,1,1]},"Scale_Key1":{"Time":0.041666999459266663,"Scale":[1.0000001192092896,1.0000001192092896,1]}},"Bone9":{"Name":"bezier32","NumPosKeys":1,"Position_Key0":{"Time":0,"Position":[-4.9834990501403809,-2.5437479019165039,0.58267897367477417]},"NumRotKeys":2,"Rotation_Key0":{"Time":0,"Rotation":[0.98250764608383179,-0.14967598021030426,-0.10894448310136795,0.020172368735074997]},"Rotation_Key1":{"Time":0.041666999459266663,"Rotation":[0.90596717596054077,0.41415688395500183,-0.087226398289203644,-0.009441843256354332]},"NumScaleKeys":2,"Scale_Key0":{"Time":0,"Scale":[-0.99999970197677612,-0.99999958276748657,-0.99999958276748657]},"Scale_Key1":{"Time":0.041666999459266663,"Scale":[-0.99999970197677612,-1.0000001192092896,-1.0000001192092896]}},"Bone10":{"Name":"bezier36","NumPosKeys":1,"Position_Key0":{"Time":0,"Position":[0.014272999949753284,-0.2450840026140213,-0.0053590000607073307]},"NumRotKeys":2,"Rotation_Key0":{"Time":0,"Rotation":[-0.0054947938770055771,-0.025636197999119759,0.042236462235450745,0.9987635612487793]},"Rotation_Key1":{"Time":0.041666999459266663,"Rotation":[0.012802215293049812,-0.022880550473928452,-0.62780171632766724,0.77793163061141968]},"NumScaleKeys":2,"Scale_Key0":{"Time":0,"Scale":[1.0000002384185791,1.0000002384185791,0.9999997615814209]},"Scale_Key1":{"Time":0.041666999459266663,"Scale":[0.99999958276748657,1.0000001192092896,0.9999997615814209]}},"Bone11":{"Name":"bezier40","NumPosKeys":1,"Position_Key0":{"Time":0,"Position":[0.051805000752210617,-0.21538500487804413,-0.0058909999206662178]},"NumRotKeys":2,"Rotation_Key0":{"Time":0,"Rotation":[-0.01172652468085289,0.045926045626401901,-0.19163887202739716,0.9803202748298645]},"Rotation_Key1":{"Time":0.041666999459266663,"Rotation":[-0.040197581052780151,0.025116525590419769,-0.81561398506164551,0.57665163278579712]},"NumScaleKeys":2,"Scale_Key0":{"Time":0,"Scale":[1.0000002384185791,1,1.0000003576278687]},"Scale_Key1":{"Time":0.041666999459266663,"Scale":[0.99999940395355225,0.99999994039535522,1.0000003576278687]}}}}