{"Animation":{"Name":"NiceGuardAnimation0","Duration":14.583333015441895,"TicksPerSecond":1,"NumBones":1,"Bone0":{"Name":"maya_nice_este_es_el_bueno","NumPosKeys":1,"Position_Key0":{"Time":-0.041666999459266663,"Position":[14.220039367675781,0,0]},"NumRotKeys":1,"Rotation_Key0":{"Time":-0.041666999459266663,"Rotation":[0,0,0,1]},"NumScaleKeys":1,"Scale_Key0":{"Time":-0.041666999459266663,"Scale":[0.3937009871006012,0.3937009871006012,0.3937009871006012]}}}}