{"Prefab":{"Info":{"Number of GameObjects":36,"Directory Prefab":"C:\\Users\\sebastiandv\\Documents\\GitHub\\CulverinEngine-Project3\\Engine\\Game\\Assets\\CrossBow.dae","Resources":{"Number of Resources":1,"Last Write":1521736054,"Resource 0":{"UUID Resource":1376647414,"Name":"CrossBowMesh"}}},"GameObject0":{"UUID":492241059,"Parent":-1,"Name":"CrossBow.dae","Tag":"undefined","Number of Components":1,"Components":{"Component 0":{"Component:":"Transform","Type":0,"Position":[0,0,0],"Rotation":[0,0,0,1],"Scale":[0.025399999693036079,0.025399999693036079,0.025399999693036079]}}},"GameObject1":{"UUID":770729813,"Parent":492241059,"Name":"Right_Arm_Ctrl","Number of Components":1,"Components":{"Component 0":{"Component:":"Transform","Type":0,"Position":[-2.9429011344909668,3.5572929382324219,2.9748780727386475],"Rotation":[0.15718582272529602,0.70657819509506226,-0.68941479921340942,-0.027333967387676239],"Scale":[0.39370083808898926,0.39370039105415344,0.39370045065879822]}}},"GameObject2":{"UUID":1953906931,"Parent":770729813,"Name":"nurbsCircle13","Number of Components":1,"Components":{"Component 0":{"Component:":"Transform","Type":0,"Position":[-3.4178900718688965,6.6113901138305664,1.5907399654388428],"Rotation":[0,0,0,1],"Scale":[1,1,1]}}},"GameObject3":{"UUID":602823936,"Parent":1953906931,"Name":"group36","Number of Components":1,"Components":{"Component 0":{"Component:":"Transform","Type":0,"Position":[2.9037389755249023,-0.63868999481201172,8.2663803100585938],"Rotation":[-0.54938697814941406,0.62387698888778687,-0.38545048236846924,-0.400473952293396],"Scale":[1,1.0000004768371582,1.0000002384185791]}}},"GameObject4":{"UUID":932334935,"Parent":602823936,"Name":"nurbsCircle46","Number of Components":1,"Components":{"Component 0":{"Component:":"Transform","Type":0,"Position":[-4.3354601860046387,3.1415400505065918,1.4185500144958496],"Rotation":[0,0,0,1],"Scale":[1,1,1]}}},"GameObject5":{"UUID":249795413,"Parent":932334935,"Name":"group30","Number of Components":1,"Components":{"Component 0":{"Component:":"Transform","Type":0,"Position":[7.959564208984375,3.6699199676513672,0.0045750001445412636],"Rotation":[0.70058250427246094,0.079414673149585724,0.075987659394741058,0.70505553483963013],"Scale":[0.99999964237213135,0.99999970197677612,0.99999994039535522]}}},"GameObject6":{"UUID":683875067,"Parent":249795413,"Name":"nurbsCircle11","Number of Components":1,"Components":{"Component 0":{"Component:":"Transform","Type":0,"Position":[-5.1528501510620117,-0.047986000776290894,2.6071000099182129],"Rotation":[0,0,0,1],"Scale":[1,1,1]}}},"GameObject7":{"UUID":206101970,"Parent":492241059,"Name":"CrossBow","Number of Components":1,"Components":{"Component 0":{"Component:":"Transform","Type":0,"Position":[-0.47168898582458496,2.0716590881347656,1.6444649696350098],"Rotation":[-0.0046752789057791233,-0.71406829357147217,0.013290866278111935,0.69993424415588379],"Scale":[0.11811072379350662,0.11810990422964096,0.11811035871505737]}}},"GameObject8":{"UUID":1687007763,"Parent":206101970,"Name":"joint2","Number of Components":1,"Components":{"Component 0":{"Component:":"Transform","Type":0,"Position":[5.4879817962646484,0.63581001758575439,0],"Rotation":[0,-0.0037740252446383238,0,0.99999284744262695],"Scale":[1.0000004768371582,1,1.0000004768371582]}}},"GameObject9":{"UUID":991846099,"Parent":1687007763,"Name":"joint3","Number of Components":1,"Components":{"Component 0":{"Component:":"Transform","Type":0,"Position":[5.220980167388916,0.75749802589416504,0],"Rotation":[0,0.70619511604309082,0,0.70801728963851929],"Scale":[1.0000003576278687,1,1.0000003576278687]}}},"GameObject10":{"UUID":980589194,"Parent":991846099,"Name":"joint4","Number of Components":1,"Components":{"Component 0":{"Component:":"Transform","Type":0,"Position":[1.7359039783477783,0,0],"Rotation":[-0.016049478203058243,0.17375022172927856,0.031345255672931671,0.98415994644165039],"Scale":[1.0000002384185791,1.0000002384185791,0.9999995231628418]}}},"GameObject11":{"UUID":1095137344,"Parent":980589194,"Name":"joint5","Number of Components":1,"Components":{"Component 0":{"Component:":"Transform","Type":0,"Position":[1.2377649545669556,0,0],"Rotation":[-0.022488882765173912,0.032566525042057037,0.00075934536289423704,0.99921625852584839],"Scale":[1.0000002384185791,0.99999964237213135,0.99999964237213135]}}},"GameObject12":{"UUID":297623536,"Parent":1095137344,"Name":"joint6","Number of Components":1,"Components":{"Component 0":{"Component:":"Transform","Type":0,"Position":[1.0930579900741577,0,0],"Rotation":[-0.0035089962184429169,0.060720153152942657,0.00021514837862923741,0.99814862012863159],"Scale":[0.99999994039535522,0.99999970197677612,1.0000004768371582]}}},"GameObject13":{"UUID":1925973600,"Parent":297623536,"Name":"joint7","Number of Components":1,"Components":{"Component 0":{"Component:":"Transform","Type":0,"Position":[0.96721100807189941,0,0],"Rotation":[0.012713959440588951,-0.034747045487165451,0.0004230398335494101,0.99931520223617554],"Scale":[1,0.99999964237213135,1]}}},"GameObject14":{"UUID":1476570567,"Parent":1925973600,"Name":"joint8","Number of Components":1,"Components":{"Component 0":{"Component:":"Transform","Type":0,"Position":[0.96218997240066528,0,0],"Rotation":[0.01539433840662241,0.020589806139469147,-0.00029059601365588605,0.99966949224472046],"Scale":[1,1.0000001192092896,0.99999982118606567]}}},"GameObject15":{"UUID":277263217,"Parent":1476570567,"Name":"joint9","Number of Components":1,"Components":{"Component 0":{"Component:":"Transform","Type":0,"Position":[1.1680350303649902,0,0],"Rotation":[0.01892177015542984,0.064877353608608246,-0.0011932288762181997,0.99771314859390259],"Scale":[0.99999994039535522,0.99999988079071045,1.0000002384185791]}}},"GameObject16":{"UUID":1759411521,"Parent":277263217,"Name":"joint10","Number of Components":1,"Components":{"Component 0":{"Component:":"Transform","Type":0,"Position":[0.97415798902511597,0,0],"Rotation":[0.016175625845789909,0.016735028475522995,-0.00028082594508305192,0.99972909688949585],"Scale":[1.0000002384185791,1.0000004768371582,1.0000003576278687]}}},"GameObject17":{"UUID":1669762308,"Parent":1759411521,"Name":"joint11","Number of Components":1,"Components":{"Component 0":{"Component:":"Transform","Type":0,"Position":[1.0225319862365723,0,0],"Rotation":[0.013970742002129555,0.0043584662489593029,-7.2507740696892142e-05,0.99989289045333862],"Scale":[0.99999994039535522,1.0000003576278687,1.0000003576278687]}}},"GameObject18":{"UUID":789382217,"Parent":1669762308,"Name":"joint12","Number of Components":1,"Components":{"Component 0":{"Component:":"Transform","Type":0,"Position":[1.1440039873123169,0,0],"Rotation":[0.004264522809535265,-0.1086231917142868,0.00047431097482331097,0.99407374858856201],"Scale":[1.0000003576278687,0.99999982118606567,1.0000003576278687]}}},"GameObject19":{"UUID":1325319380,"Parent":789382217,"Name":"joint13","Number of Components":1,"Components":{"Component 0":{"Component:":"Transform","Type":0,"Position":[1.0105730295181274,0,0],"Rotation":[-0.052736636251211166,0.059652827680110931,0.008059600368142128,0.99679261445999146],"Scale":[0.99999982118606567,1.0000001192092896,1.0000002384185791]}}},"GameObject20":{"UUID":1278177978,"Parent":1325319380,"Name":"joint14","Number of Components":1,"Components":{"Component 0":{"Component:":"Transform","Type":0,"Position":[1.5666660070419312,-0.23995700478553772,0.35368099808692932],"Rotation":[0.037953019142150879,0.88479119539260864,-0.031123444437980652,0.46339556574821472],"Scale":[0.9999997615814209,1.0000001192092896,1]}}},"GameObject21":{"UUID":601641952,"Parent":1278177978,"Name":"joint15","Number of Components":1,"Components":{"Component 0":{"Component:":"Transform","Type":0,"Position":[12.009307861328125,0.86779201030731201,0],"Rotation":[0,0.71481120586395264,0,0.69931751489639282],"Scale":[1,1,1]}}},"GameObject22":{"UUID":245805457,"Parent":991846099,"Name":"joint16","Number of Components":1,