{"Prefab":{"Info":{"Number of GameObjects":10,"Directory Prefab":"Assets\/door_lion.fbx","Resources":{"Number of Resources":3,"Type":3,"Last Write":1524851171,"Resource 0":{"UUID Resource":1982853493,"Name":"decimation1:Group58911","Type":3},"Resource 1":{"UUID Resource":1939136592,"Name":"Torus002","Type":3},"Resource 2":{"UUID Resource":1047458189,"Name":"Torus002","Type":3}}},"GameObject0":{"UUID":1637512470,"Parent":-1,"Name":"door_lion.fbx","Tag":"undefined","AnimRotations":true,"AnimScales":false,"AnimTranslations":false,"Number of Components":1,"Components":{"Component 0":{"Component:":"Transform","Type":0,"Position":[0,0,0],"Rotation":[0,0,0,1],"Scale":[1,1,1]}}},"GameObject1":{"UUID":1791305581,"Parent":1637512470,"Name":"Group001","Tag":"undefined","AnimRotations":true,"AnimScales":false,"AnimTranslations":false,"Number of Components":1,"Components":{"Component 0":{"Component:":"Transform","Type":0,"Position":[0.85637819766998291,12.482762336730957,-3.6048681735992432],"Rotation":[-0.70710676908493042,0,0,0.70710676908493042],"Scale":[2.5399999618530273,2.5399999618530273,2.5399999618530273]}}},"GameObject2":{"UUID":1668022570,"Parent":1791305581,"Name":"decimation1:Group58911","Tag":"undefined","AnimRotations":true,"AnimScales":false,"AnimTranslations":false,"Number of Components":3,"Components":{"Component 0":{"Component:":"Transform","Type":0,"Position":[-0.33971834182739258,2.4330301284790039,-2.4129667282104492],"Rotation":[0.7071068286895752,0,0,0.70710670948028564],"Scale":[3.6322705745697021,3.6322705745697021,3.0834105014801025]},"Component 1":{"Component:":"CompMesh","Type":2,"UUID":2073650798,"Resource Mesh UUID":1982853493,"Has Skeleton":false,"Generated Skeleton":false},"Component 2":{"Component:":"CompMaterial","Type":3,"Color":[1,1,1,1],"UUID":759070689,"MaterialName:":"decimation"}}},"GameObject3":{"UUID":1551756052,"Parent":1791305581,"Name":"Object004","Tag":"undefined","AnimRotations":true,"AnimScales":false,"AnimTranslations":false,"Number of Components":1,"Components":{"Component 0":{"Component:":"Transform","Type":0,"Position":[-0.33971834182739258,-1.4192394018173218,-4.9144735336303711],"Rotation":[0.7071068286895752,0,0,0.70710670948028564],"Scale":[2.6216773986816406,2.5399999618530273,0.2204875648021698]}}},"GameObject4":{"UUID":1348266663,"Parent":1551756052,"Name":"transform1","Tag":"undefined","AnimRotations":true,"AnimScales":false,"AnimTranslations":false,"Number of Components":1,"Components":{"Component 0":{"Component:":"Transform","Type":0,"Position":[0,0,0],"Rotation":[0,0,0,1],"Scale":[1,1,1]}}},"GameObject5":{"UUID":1163134353,"Parent":1791305581,"Name":"Torus001","Tag":"undefined","AnimRotations":true,"AnimScales":false,"AnimTranslations":false,"Number of Components":1,"Components":{"Component 0":{"Component:":"Transform","Type":0,"Position":[-0.31365525722503662,1.0021458864212036,-0.4025115966796875],"Rotation":[-0.7071068286895752,0,0,0.70710670948028564],"Scale":[0.15556120872497559,0.15556120872497559,0.15556120872497559]}}},"GameObject6":{"UUID":1263429137,"Parent":1163134353,"Name":"transform2","Tag":"undefined","AnimRotations":true,"AnimScales":false,"AnimTranslations":false,"Number of Components":1,"Components":{"Component 0":{"Component:":"Transform","Type":0,"Position":[0,0,0],"Rotation":[0,0,0,1],"Scale":[1,1,1]}}},"GameObject7":{"UUID":269765957,"Parent":1791305581,"Name":"Torus002","Tag":"undefined","AnimRotations":true,"AnimScales":false,"AnimTranslations":false,"Number of Components":1,"Components":{"Component 0":{"Component:":"Transform","Type":0,"Position":[-0.337156742811203,-1.4192391633987427,-4.9144730567932129],"Rotation":[0.70710676908493042,0,0,0.70710676908493042],"Scale":[0.39370077848434448,0.39370077848434448,0.39370077848434448]}}},"GameObject8":{"UUID":1631199282,"Parent":1791305581,"Name":"Submesh0","Tag":"undefined","AnimRotations":true,"AnimScales":false,"AnimTranslations":false,"Number of Components":3,"Components":{"Component 0":{"Component:":"Transform","Type":0,"Position":[-0.337156742811203,-1.4192391633987427,-4.9144730567932129],"Rotation":[0.70710676908493042,0,0,0.70710676908493042],"Scale":[0.39370077848434448,0.39370077848434448,0.39370077848434448]},"Component 1":{"Component:":"CompMesh","Type":2,"UUID":347507821,"Resource Mesh UUID":1939136592,"Has Skeleton":false,"Generated Skeleton":false},"Component 2":{"Component:":"CompMaterial","Type":3,"Color":[1,1,1,1],"UUID":291238739,"MaterialName:":"Default Material"}}},"GameObject9":{"UUID":921719330,"Parent":1791305581,"Name":"Submesh1","Tag":"undefined","AnimRotations":true,"AnimScales":false,"AnimTranslations":false,"Number of Components":3,"Components":{"Component 0":{"Component:":"Transform","Type":0,"Position":[-0.337156742811203,-1.4192391633987427,-4.9144730567932129],"Rotation":[0.70710676908493042,0,0,0.70710676908493042],"Scale":[0.39370077848434448,0.39370077848434448,0.39370077848434448]},"Component 1":{"Component:":"CompMesh","Type":2,"UUID":2062617923,"Resource Mesh UUID":1047458189,"Has Skeleton":false,"Generated Skeleton":false},"Component 2":{"Component:":"CompMaterial","Type":3,"Color":[1,1,1,1],"UUID":1438425940,"MaterialName:":"woodDoor_difuse"}}}}}