{"Prefab":{"Info":{"Number of GameObjects":1,"Directory Prefab":"","Resources":{"Number of Resources":0,"Type":3}},"GameObject0":{"UUID":1312020121,"Parent":-1,"Name":"Empty 1","Tag":"undefined","AnimRotations":true,"AnimScales":false,"AnimTranslations":false,"Number of Components":2,"Components":{"Component 0":{"Component:":"Transform","Type":0,"Position":[29.136533737182617,11.817888259887695,0],"Rotation":[0,0,0.67809611558914185,0.7349732518196106],"Scale":[1.0000033378601074,1.0000033378601074,1]},"Component 1":{"Component:":"CompLight","Type":20,"Color":[1,1,1,1],"Light Type":0,"Intensity":196.00001525878906,"Ambient Coefficient":0.20000000298023224,"Radius":50,"Constant":1,"Linear":1,"Quadratic":0.019999999552965164}}}}}