{"Prefab":{"Info":{"Number of GameObjects":2,"Directory Prefab":"","Resources":{"Number of Resources":1,"Type":3,"Resource 0":{"UUID Resource":1832427431,"Name":"Group5750","Type":3}}},"GameObject0":{"UUID":1895331863,"Parent":-1,"Name":"Enemy_shield.fbx","Tag":"undefined","AnimRotations":true,"AnimScales":false,"AnimTranslations":false,"Number of Components":1,"Components":{"Component 0":{"Component:":"Transform","Type":0,"Position":[19,2.5,17],"Rotation":[0.041603725403547287,0.78673112392425537,-0.041509028524160385,-0.61449205875396729],"Scale":[0.30000001192092896,0.30000001192092896,0.30000001192092896]}}},"GameObject1":{"UUID":1683194127,"Parent":1895331863,"Name":"Group5750","Tag":"undefined","AnimRotations":true,"AnimScales":false,"AnimTranslations":false,"Number of Components":3,"Components":{"Component 0":{"Component:":"Transform","Type":0,"Position":[-42.561676025390625,-1.9890427589416504,56.141334533691406],"Rotation":[5.7601177161359374e-08,-0.70710664987564087,5.7601166503218337e-08,0.70710688829421997],"Scale":[13.35041332244873,13.35041332244873,13.35041332244873]},"Component 1":{"Component:":"CompMesh","Type":2,"UUID":1412143003,"Resource Mesh UUID":1832427431,"Has Skeleton":false,"Generated Skeleton":false},"Component 2":{"Component:":"CompMaterial","Type":3,"Color":[1,1,1,1],"UUID":859168556,"MaterialName:":"Shield_Low"}}}}}