{"Prefab":{"Info":{"Number of GameObjects":1,"Directory Prefab":"","Resources":{"Number of Resources":1,"Type":3,"Resource 0":{"UUID Resource":135688864,"Name":"grid_door","Type":3}}},"GameObject0":{"UUID":187406458,"Parent":-1,"Name":"grid_door","Tag":"undefined","AnimRotations":true,"AnimScales":false,"AnimTranslations":false,"Number of Components":4,"Components":{"Component 0":{"Component:":"Transform","Type":0,"Position":[163.22651672363281,0.32517343759536743,-4.0309200286865234],"Rotation":[0.70710664987564087,-6.1817232221983431e-08,-6.1817246432838147e-08,0.70710688829421997],"Scale":[0.69499999284744263,1.3470000028610229,4.9699997901916504]},"Component 1":{"Component:":"CompMesh","Type":2,"UUID":246265282,"Resource Mesh UUID":135688864,"Has Skeleton":false,"Generated Skeleton":false},"Component 2":{"Component:":"CompMaterial","Type":3,"Color":[1,1,1,1],"UUID":1873244121,"MaterialName:":"grid_difuse"},"Component 3":{"Component:":"CompCollider","Type":5,"UUID":2125521764,"ColliderType":3,"Postion_X":12.699999809265137,"Postion_Y":12.699999809265137,"Postion_Z":0,"Angle_X":0,"Angle_Y":0,"Angle_Z":0,"Material_X":0.5,"Material_Y":0.5,"Material_Z":0,"Size_X":4,"Size_Y":25.399999618530273,"Size_Z":25.399999618530273,"Rad":0.5,"Trigger":false,"ScriptName":"","Collision Flags":0}}}}}