{"Prefab":{"Info":{"Number of GameObjects":28,"Directory Prefab":"D:\\Github\\CulverinEngine-Project3\\Engine\\Game\\Assets\\LeftArmJaime.dae","Resources":{"Number of Resources":1,"Last Write":1520197859,"Resource 0":{"UUID Resource":2077530627,"Name":"L_Arm"}}},"GameObject0":{"UUID":1783935478,"Parent":-1,"Name":"LeftArmJaime.dae","Number of Components":1,"Components":{"Component 0":{"Component:":"Transform","Type":0,"Position":[0,0,0],"Rotation":[0,0,0,1],"Scale":[0.025399999693036079,0.025399999693036079,0.025399999693036079]}}},"GameObject1":{"UUID":1802673240,"Parent":1783935478,"Name":"L_Arm","Number of Components":3,"Components":{"Component 0":{"Component:":"Transform","Type":0,"Position":[0,0,0],"Rotation":[0,0,0,1],"Scale":[1,1,1]},"Component 1":{"Component:":"CompMesh","Type":2,"UUID":674344066,"Resource Mesh UUID":2077530627,"Has Skeleton":true,"Generated Skeleton":false},"Component 2":{"Component:":"Material","Type":3,"Color":[1,1,1,1],"UUID":220728272,"MaterialName:":"Default Material"}}},"GameObject2":{"UUID":293705976,"Parent":1783935478,"Name":"J_Left_Shoulder","Number of Components":1,"Components":{"Component 0":{"Component:":"Transform","Type":0,"Position":[1.3456259965896606,2.602910041809082,0.62627601623535156],"Rotation":[0.70657813549041748,0.15718542039394379,0.027333617210388184,0.6894148588180542],"Scale":[0.39370083808898926,0.39370039105415344,0.39370045065879822]}}},"GameObject3":{"UUID":1911952009,"Parent":293705976,"Name":"J_Left_Elbow","Number of Components":1,"Components":{"Component 0":{"Component:":"Transform","Type":0,"Position":[0,0,3.593250036239624],"Rotation":[-0.10261867195367813,0.065487779676914215,0.73421472311019897,0.66791427135467529],"Scale":[1.0000005960464478,1.0000004768371582,1.0000003576278687]}}},"GameObject4":{"UUID":236959294,"Parent":1911952009,"Name":"J_Left_Wrist","Number of Components":1,"Components":{"Component 0":{"Component:":"Transform","Type":0,"Position":[0,0,3.5005500316619873],"Rotation":[0,0,0,1],"Scale":[1,1,1]}}},"GameObject5":{"UUID":373631320,"Parent":236959294,"Name":"J_L_Thumb1","Number of Components":1,"Components":{"Component 0":{"Component:":"Transform","Type":0,"Position":[0.38005000352859497,0.16519999504089355,0.46279299259185791],"Rotation":[0.53729581832885742,0.40565046668052673,0.72370070219039917,-0.15171733498573303],"Scale":[0.99999988079071045,1.0000002384185791,0.99999958276748657]}}},"GameObject6":{"UUID":116713609,"Parent":373631320,"Name":"J_L_Thumb2","Number of Components":1,"Components":{"Component 0":{"Component:":"Transform","Type":0,"Position":[0,0,0.22512799501419067],"Rotation":[-0.23898141086101532,0.3378259539604187,-0.19502000510692596,0.88922929763793945],"Scale":[1,0.99999982118606567,1.0000001192092896]}}},"GameObject7":{"UUID":1787535588,"Parent":116713609,"Name":"J_L_Thumb3","Number of Components":1,"Components":{"Component 0":{"Component:":"Transform","Type":0,"Position":[0,0,0.37012898921966553],"Rotation":[0.21439412236213684,-0.060177918523550034,0.97225010395050049,0.071718446910381317],"Scale":[0.99999970197677612,0.9999997615814209,1.0000004768371582]}}},"GameObject8":{"UUID":1190344851,"Parent":1787535588,"Name":"J_L_Thumb4","Number of Components":1,"Components":{"Component 0":{"Component:":"Transform","Type":0,"Position":[0,0,0.26867100596427917],"Rotation":[0.82442563772201538,-0.12344417721033096,0.084529675543308258,0.54583758115768433],"Scale":[1.0000004768371582,1.0000004768371582,0.99999958276748657]}}},"GameObject9":{"UUID":1604933741,"Parent":236959294,"Name":"J_L_Index1","Number of Components":1,"Components":{"Component 0":{"Component:":"Transform","Type":0,"Position":[0.42850100994110107,0.17918500304222107,1.0903559923171997],"Rotation":[0.045762646943330765,0.18581806123256683,0.98151540756225586,0.0022246178705245256],"Scale":[1.0000003576278687,0.9999995231628418,1.0000001192092896]}}},"GameObject10":{"UUID":1370345104,"Parent":1604933741,"Name":"J_L_Index2","Number of Components":1,"Components":{"Component 0":{"Component:":"Transform","Type":0,"Position":[0,0,0.28830200433731079],"Rotation":[0.076276123523712158,0.0048060580156743526,-0.001049068639986217,0.99707460403442383],"Scale":[1.0000003576278687,1.0000002384185791,1.0000002384185791]}}},"GameObject11":{"UUID":687983962,"Parent":1370345104,"Name":"J_L_Index3","Number of Components":1,"Components":{"Component 0":{"Component:":"Transform","Type":0,"Position":[0,0,0.25410100817680359],"Rotation":[0.10546367615461349,-0.058174461126327515,0.02439718134701252,0.9924202561378479],"Scale":[0.99999994039535522,0.99999958276748657,0.99999964237213135]}}},"GameObject12":{"UUID":656155714,"Parent":687983962,"Name":"J_L_Index4","Number of Components":1,"Components":{"Component 0":{"Component:":"Transform","Type":0,"Position":[0,0,0.1795320063829422],"Rotation":[0.44537359476089478,0.23358093202114105,-0.39366301894187927,0.76948791742324829],"Scale":[1.0000002384185791,1.0000002384185791,1.0000004768371582]}}},"GameObject13":{"UUID":944825410,"Parent":236959294,"Name":"J_L_Midd1","Number of Components":1,"Components":{"Component 0":{"Component:":"Transform","Type":0,"Position":[0.1670600026845932,0.16990199685096741,1.1256150007247925],"Rotation":[-0.0024808922316879034,0.20537558197975159,0.9786800742149353,-7.1524809754919261e-05],"Scale":[1.0000003576278687,1.0000001192092896,0.9999997615814209]}}},"GameObject14":{"UUID":118278353,"Parent":944825410,"Name":"J_L_Midd2","Number of Components":1,"Components":{"Component 0":{"Component:":"Transform","Type":0,"Position":[0,0,0.3224560022354126],"Rotation":[0.46534416079521179,0.4327968955039978,-0.52254831790924072,0.56840527057647705],"Scale":[0.99999988079071045,1.0000001192092896,0.99999970197677612]}}},"GameObject15":{"UUID":1204911615,"Parent":118278353,"Name":"J_L_Midd3","Number of Components":1,"Components":{"Component 0":{"Component:":"Transform","Type":0,"Position":[-0.24105499684810638,0.017297999933362007,0.044725000858306885],"Rotation":[-0.38005274534225464,-0.32999303936958313,0.5630725622177124,0.65544945001602173],"Scale":[1.0000003576278687,1.0000005960464478,1]}}},"GameObject16":{"UUID":2145328801,"Parent":1204911615,"Name":"J_L_Midd4","Number of Components":1,"Components":{"Component 0":{"Component:":"Transform","Type":0,"Position":[0,0,0.2291949987411499],"Rotation":[0.47480994462966919,0.1670064777135849,-0.28240516781806946,0.81664663553237915],"Scale":[0.9999997615814209,1.0000001192092896,1.0000002384185791]}}},"GameObject17":{"UUID":301321924,"Parent":236959294,"Name":"J_L_Ring1","Number of Components":1,"Components":{"Component 0":{"Component:":"Transform","Type":0,"Position":[-0.081476002931594849,0.19424599409103394,1.0799239873886108],"Rotation":[-0.067807428538799286,0.17868870496749878,0.98155909776687622,-0.0037743509747087955],"Scale":[1.0000001192092896,0.99999982118606567,0.99999994039535522]}}},"GameObject18":{"UUID":1713406908,"Parent":301321924,"Name":"J_L_Ring2","Number of Components":1,"Components":{"Component 0":{"Component:":"Transform","Type":0,"Position":[0,0,0.31962001323699951],"Rotation":[0.12971165776252747,-0.046526089310646057,0.012113466858863831,0.99038553237915039],"Scale":[0.99999982118606567,0.9999997615814209,0.9999995231628418]}}},"GameObject19":{"UUID":680718312,"Parent":1713406908,"Name":"J_L_Ring3","Number of Components":1,"Components":{"Component 0":{"Component:":"Transform","Type":0,"Position":[0,0,0.25803500413894653],"Rotation":[-0.031186046078801155,0.016576400026679039,-0.0061209318228065968,0.99935740232467651],"Scale":[1.0000004768371582,1,0.99999964237213135]}}},"GameObject20":{"UUID":1620477756,"Parent":680718312,"Name":"J_L_Ring4","Number of Components":1,"Components":{"Component 0":{"Component:":"Transform","Type":0,"Position":[0,0,0.13953900337219238],"Rotation":[0.54542070627212524,0.1911642998456955,-0.26618283987045288,0.77143967151641846],"Scale":[1.0000002384185791,1,1.0000003576278687]}}},"GameObject21":{"UUID":1228455331,"Parent":236959294,