{"Prefab":{"Info":{"Number of GameObjects":44,"Directory Prefab":"C:\\Users\\Administrador\\Documents\\GitHub\\CulverinEngine-Project3\\Engine\\Game\\Assets\\Left Hand Jamie.dae","Resources":{"Number of Resources":1,"Last Write":1519496155,"Resource 0":{"UUID Resource":870869718,"Name":"Mano_Izquierda"}}},"GameObject0":{"UUID":612482539,"Parent":-1,"Name":"Left Hand Jamie.dae","Number of Components":1,"Components":{"Component 0":{"Component:":"Transform","Type":0,"Position":[0,0,0],"Rotation":[0,0,0,1],"Scale":[0.0099999997764825821,0.0099999997764825821,0.0099999997764825821]}}},"GameObject1":{"UUID":1211552887,"Parent":612482539,"Name":"curve4","Number of Components":1,"Components":{"Component 0":{"Component:":"Transform","Type":0,"Position":[-0.13487499952316284,0,0.00060899998061358929],"Rotation":[1,-0,-0,0],"Scale":[-1,-1,-1]}}},"GameObject2":{"UUID":660858961,"Parent":1211552887,"Name":"curve3","Number of Components":1,"Components":{"Component 0":{"Component:":"Transform","Type":0,"Position":[-0.33452299237251282,0,0],"Rotation":[0,0,0,1],"Scale":[1,1,1]}}},"GameObject3":{"UUID":1972070453,"Parent":660858961,"Name":"nurbsCircle2","Number of Components":1,"Components":{"Component 0":{"Component:":"Transform","Type":0,"Position":[-0.32657599449157715,0.79949897527694702,0],"Rotation":[0,0,0.089074619114398956,0.9960249662399292],"Scale":[0.9999995231628418,0.9999995231628418,1]}}},"GameObject4":{"UUID":297521015,"Parent":1972070453,"Name":"bezier8","Number of Components":1,"Components":{"Component 0":{"Component:":"Transform","Type":0,"Position":[-4.9527812004089355,-2.5015799999237061,0.78394299745559692],"Rotation":[0.944549560546875,-0.14903320372104645,-0.28902530670166016,0.045603208243846893],"Scale":[-1,-1.0000002384185791,-1.0000002384185791]}}},"GameObject5":{"UUID":1230810000,"Parent":297521015,"Name":"bezier35","Number of Components":1,"Components":{"Component 0":{"Component:":"Transform","Type":0,"Position":[0.045873001217842102,-0.28386801481246948,0.0090359998866915703],"Rotation":[0.0027221839409321547,0.015509781427681446,-0.13878214359283447,0.99019771814346313],"Scale":[1,0.99999982118606567,0.99999994039535522]}}},"GameObject6":{"UUID":1330527406,"Parent":1230810000,"Name":"bezier39","Number of Components":1,"Components":{"Component 0":{"Component:":"Transform","Type":0,"Position":[0.085611000657081604,-0.19617000222206116,-0.0016299999551847577],"Rotation":[-0.0058844722807407379,-0.02788083627820015,0.17258119583129883,0.98458307981491089],"Scale":[1.0000001192092896,0.9999997615814209,0.99999994039535522]}}},"GameObject7":{"UUID":941419781,"Parent":1972070453,"Name":"bezier34","Number of Components":1,"Components":{"Component 0":{"Component:":"Transform","Type":0,"Position":[-4.8887271881103516,-2.5016899108886719,0.1617950052022934],"Rotation":[0.9651152491569519,-0.057218808680772781,0.25504902005195618,-0.01512098778039217],"Scale":[-1,-1.0000002384185791,-1.0000003576278687]}}},"GameObject8":{"UUID":1385666561,"Parent":941419781,"Name":"bezier38","Number of Components":1,"Components":{"Component 0":{"Component:":"Transform","Type":0,"Position":[0.02137799933552742,-0.19199100136756897,-0.00072900002123787999],"Rotation":[-0.041348159313201904,-0.040695603936910629,-0.060757502913475037,0.99646514654159546],"Scale":[1.0000002384185791,1.0000003576278687,0.99999958276748657]}}},"GameObject9":{"UUID":83769200,"Parent":1385666561,"Name":"bezier42","Number of Components":1,"Components":{"Component 0":{"Component:":"Transform","Type":0,"Position":[0.054722998291254044,-0.16532699763774872,-0.014192000031471252],"Rotation":[-0.0053988383151590824,-0.04073062539100647,-0.003397888271138072,0.99914979934692383],"Scale":[1,1.0000003576278687,1.0000002384185791]}}},"GameObject10":{"UUID":1677371595,"Parent":1972070453,"Name":"bezier33","Number of Components":1,"Components":{"Component 0":{"Component:":"Transform","Type":0,"Position":[-4.9557209014892578,-2.500175952911377,0.37820899486541748],"Rotation":[0.98689287900924683,-0.1613766998052597,-0,0],"Scale":[-0.99999988079071045,-0.99999988079071045,-1]}}},"GameObject11":{"UUID":127091635,"Parent":1677371595,"Name":"bezier37","Number of Components":1,"Components":{"Component 0":{"Component:":"Transform","Type":0,"Position":[-4.0232791900634766,3.9894769191741943,-0.37881800532341003],"Rotation":[0,0,-0.1613766998052597,0.98689287900924683],"Scale":[0.99999988079071045,0.99999988079071045,1]}}},"GameObject12":{"UUID":614094695,"Parent":127091635,"Name":"bezier41","Number of Components":1,"Components":{"Component 0":{"Component:":"Transform","Type":0,"Position":[0,0,0],"Rotation":[0,0,0,1],"Scale":[1,1,1]}}},"GameObject13":{"UUID":1782316119,"Parent":1972070453,"Name":"bezier32","Number of Components":1,"Components":{"Component 0":{"Component:":"Transform","Type":0,"Position":[-4.9834990501403809,-2.5437479019165039,0.58267897367477417],"Rotation":[0.98250764608383179,-0.14967598021030426,-0.10894448310136795,0.020172368735074997],"Scale":[-0.99999970197677612,-0.99999958276748657,-0.99999958276748657]}}},"GameObject14":{"UUID":730429945,"Parent":1782316119,"Name":"bezier36","Number of Components":1,"Components":{"Component 0":{"Component:":"Transform","Type":0,"Position":[0.014272999949753284,-0.2450840026140213,-0.0053590000607073307],"Rotation":[-0.0054947938770055771,-0.025636197999119759,0.042236462235450745,0.9987635612487793],"Scale":[1.0000002384185791,1.0000002384185791,0.9999997615814209]}}},"GameObject15":{"UUID":850439885,"Parent":730429945,"Name":"bezier40","Number of Components":1,"Components":{"Component 0":{"Component:":"Transform","Type":0,"Position":[0.051805000752210617,-0.21538500487804413,-0.0058909999206662178],"Rotation":[-0.01172652468085289,0.045926045626401901,-0.19163887202739716,0.9803202748298645],"Scale":[1.0000002384185791,1,1.0000003576278687]}}},"GameObject16":{"UUID":203602148,"Parent":1972070453,"Name":"bezier43","Number of Components":1,"Components":{"Component 0":{"Component:":"Transform","Type":0,"Position":[-4.4617428779602051,-2.0092198848724365,0.83704400062561035],"Rotation":[0.98332095146179199,-0.012830503284931183,0.076746314764022827,0.16439373791217804],"Scale":[-1.0000002384185791,-0.9999997615814209,-0.99999964237213135]}}},"GameObject17":{"UUID":1593075708,"Parent":203602148,"Name":"bezier44","Number of Components":1,"Components":{"Component 0":{"Component:":"Transform","Type":0,"Position":[-0.00040499999886378646,-0.22122900187969208,0.11645200103521347],"Rotation":[0.15946489572525024,-0.086522839963436127,0.046506721526384354,0.98230439424514771],"Scale":[1.0000001192092896,0.99999970197677612,0.9999995231628418]}}},"GameObject18":{"UUID":435950059,"Parent":1593075708,"Name":"bezier46","Number of Components":1,"Components":{"Component 0":{"Component:":"Transform","Type":0,"Position":[-0.0066949999891221523,-0.25001299381256104,0.14435000717639923],"Rotation":[0,0,0.0096894577145576477,0.99995303153991699],"Scale":[0.9999997615814209,0.9999997615814209,1]}}},"GameObject19":{"UUID":892674588,"Parent":612482539,"Name":"rig_izquierda","Number of Components":1,"Components":{"Component 0":{"Component:":"Transform","Type":0,"Position":[1.5435299873352051,2.6933798789978027,0],"Rotation":[0,0,0.92899596691131592,0.37008985877037048],"Scale":[1,1,1]}}},"GameObject20":{"UUID":720746968,"Parent":892674588,"Name":"J_L_Elbow","Number of Components":1,"Components":{"Component 0":{"Component:":"Transform","Type":0,"Position":[-2.8072609901428223,0.84890401363372803,-0.010894999839365482],"Rotation":[0.068959727883338928,-0.050781872123479843,0.21608847379684448,0.9726107120513916],"Scale":[1,1.0000003576278687,1.0000004768371582]}}},"GameObject21":{"UUID":1021763326,"Parent":720746968,"Name":"J_L_Wrist","Number of Components":1,"Components":{"Component 0":{"Component:":"Transform","Type":0,"Position":[-1.8728510141372681,0.87837499380111694,1.0058480501174927],