{"Prefab":{"Info":{"Number of GameObjects":2,"Directory Prefab":"","Resources":{"Number of Resources":1,"Type":3,"Resource 0":{"UUID Resource":307929538,"Name":"decimation1:Group58911","Type":3}}},"GameObject0":{"UUID":2083021500,"Parent":-1,"Name":"Leon.fbx","Tag":"undefined","AnimRotations":true,"AnimScales":false,"AnimTranslations":false,"Number of Components":1,"Components":{"Component 0":{"Component:":"Transform","Type":0,"Position":[158.677978515625,7.1433634757995605,75.55364990234375],"Rotation":[0,0.7071068286895752,0,0.70710676908493042],"Scale":[1.2499992847442627,1.25,1.2499992847442627]}}},"GameObject1":{"UUID":2137566687,"Parent":2083021500,"Name":"decimation1:Group58911 (3) (5)","Tag":"undefined","AnimRotations":true,"AnimScales":false,"AnimTranslations":false,"Number of Components":3,"Components":{"Component 0":{"Component:":"Transform","Type":0,"Position":[-5.4210108624275222e-20,5.8225321769714355,3.0731408596038818],"Rotation":[0,0,0,1],"Scale":[5.118110179901123,5.118110179901123,5.118110179901123]},"Component 1":{"Component:":"CompMesh","Type":2,"UUID":919642901,"Resource Mesh UUID":307929538,"Has Skeleton":false,"Generated Skeleton":false},"Component 2":{"Component:":"CompMaterial","Type":3,"Color":[1,1,1,1],"UUID":1380958863,"MaterialName:":"Leon"}}}}}