{"Prefab":{"Info":{"Number of GameObjects":8,"Directory Prefab":"","Resources":{"Number of Resources":0,"Type":3}},"GameObject0":{"UUID":247989784,"Parent":-1,"Name":"m1_tutorial_light_map","Tag":"undefined","AnimRotations":true,"AnimScales":false,"AnimTranslations":false,"Number of Components":1,"Components":{"Component 0":{"Component:":"Transform","Type":0,"Position":[0,0,0],"Rotation":[0,0,0,1],"Scale":[1,1,1]}}},"GameObject1":{"UUID":1994031626,"Parent":247989784,"Name":"l7","Tag":"undefined","AnimRotations":true,"AnimScales":false,"AnimTranslations":false,"Number of Components":2,"Components":{"Component 0":{"Component:":"Transform","Type":0,"Position":[-262.0928955078125,3.5873003005981445,55.921421051025391],"Rotation":[0,0,0,1],"Scale":[1,1,1]},"Component 1":{"Component:":"CompLight","Type":20,"Color":[0.96981132030487061,0.49771448969841003,0.49771448969841003,1],"Light Type":0,"Intensity":22.000001907348633,"Ambient Coefficient":0.20000000298023224,"Radius":50,"Constant":1,"Linear":2,"Quadratic":0.10000000149011612}}},"GameObject2":{"UUID":854167043,"Parent":247989784,"Name":"l6","Tag":"undefined","AnimRotations":true,"AnimScales":false,"AnimTranslations":false,"Number of Components":2,"Components":{"Component 0":{"Component:":"Transform","Type":0,"Position":[-193.94256591796875,3.8339457511901855,-57.652008056640625],"Rotation":[0,0,0,1],"Scale":[1,1,1]},"Component 1":{"Component:":"CompLight","Type":20,"Color":[0.24150943756103516,0.40407037734985352,1,1],"Light Type":0,"Intensity":56.000003814697266,"Ambient Coefficient":0.20000000298023224,"Radius":50,"Constant":7.0000004768371582,"Linear":1,"Quadratic":0.039999999105930328}}},"GameObject3":{"UUID":419786546,"Parent":247989784,"Name":"l5","Tag":"undefined","AnimRotations":true,"AnimScales":false,"AnimTranslations":false,"Number of Components":2,"Components":{"Component 0":{"Component:":"Transform","Type":0,"Position":[-187.75633239746094,10.395087242126465,6.8968381881713867],"Rotation":[0,0,0,1],"Scale":[1,1,1]},"Component 1":{"Component:":"CompLight","Type":20,"Color":[1,0.12452828884124756,0.12452828884124756,1],"Light Type":0,"Intensity":27.000001907348633,"Ambient Coefficient":0.20000000298023224,"Radius":50.000003814697266,"Constant":1,"Linear":3.0000002384185791,"Quadratic":0.10000000149011612}}},"GameObject4":{"UUID":1863434910,"Parent":247989784,"Name":"l4","Tag":"undefined","AnimRotations":true,"AnimScales":false,"AnimTranslations":false,"Number of Components":2,"Components":{"Component 0":{"Component:":"Transform","Type":0,"Position":[-228.02046203613281,29.040218353271484,2.3166313171386719],"Rotation":[0,0,0,1],"Scale":[1,1,1]},"Component 1":{"Component:":"CompLight","Type":20,"Color":[0.97772872447967529,1,0.74339622259140015,1],"Light Type":0,"Intensity":114.00000762939453,"Ambient Coefficient":0.20000000298023224,"Radius":50,"Constant":30.000001907348633,"Linear":1,"Quadratic":0.10000000149011612}}},"GameObject5":{"UUID":415883684,"Parent":247989784,"Name":"l3","Tag":"undefined","AnimRotations":true,"AnimScales":false,"AnimTranslations":false,"Number of Components":2,"Components":{"Component 0":{"Component:":"Transform","Type":0,"Position":[-128.3497314453125,12.521022796630859,-28.796489715576172],"Rotation":[0,0,0,1],"Scale":[1,1,1]},"Component 1":{"Component:":"CompLight","Type":20,"Color":[1,0.64254897832870483,0.41886794567108154,1],"Light Type":0,"Intensity":182.00001525878906,"Ambient Coefficient":0.20000000298023224,"Radius":63.000003814697266,"Constant":28.000001907348633,"Linear":9,"Quadratic":0.0099999997764825821}}},"GameObject6":{"UUID":113254056,"Parent":247989784,"Name":"l2","Tag":"undefined","AnimRotations":true,"AnimScales":false,"AnimTranslations":false,"Number of Components":2,"Components":{"Component 0":{"Component:":"Transform","Type":0,"Position":[-86.085197448730469,9.7672615051269531,7.1528058052062988],"Rotation":[0,0,0,1],"Scale":[1,1,1]},"Component 1":{"Component:":"CompLight","Type":20,"Color":[0.57499706745147705,0.8981131911277771,0.34568881988525391,1],"Light Type":0,"Intensity":1,"Ambient Coefficient":0.20000000298023224,"Radius":50,"Constant":1,"Linear":0,"Quadratic":0.0010000000474974513}}},"GameObject7":{"UUID":62210343,"Parent":247989784,"Name":"l1","Tag":"undefined","AnimRotations":true,"AnimScales":false,"AnimTranslations":false,"Number of Components":2,"Components":{"Component 0":{"Component:":"Transform","Type":0,"Position":[46.733455657958984,10.399007797241211,0],"Rotation":[0,0,0.67809611558914185,0.7349732518196106],"Scale":[1.0000033378601074,1.0000033378601074,1]},"Component 1":{"Component:":"CompLight","Type":20,"Color":[1,1,1,1],"Light Type":0,"Intensity":196.00001525878906,"Ambient Coefficient":0.20000000298023224,"Radius":50,"Constant":1,"Linear":1,"Quadratic":0.019999999552965164}}}}}