{"Prefab":{"Info":{"Number of GameObjects":28,"Directory Prefab":"C:\\Users\\DANIEL H\\Documents\\GitHub\\TempMotor3D_P3\\Engine\\Game\\Assets\\NewRight.dae","Resources":{"Number of Resources":1,"Last Write":1520202390,"Resource 0":{"UUID Resource":1038873798,"Name":"right_hand_R_Arm"}}},"GameObject0":{"UUID":691605035,"Parent":-1,"Name":"NewRight.dae","Number of Components":1,"Components":{"Component 0":{"Component:":"Transform","Type":0,"Position":[0,0,0],"Rotation":[0,0,0,1],"Scale":[0.025399999693036079,0.025399999693036079,0.025399999693036079]}}},"GameObject1":{"UUID":1503292348,"Parent":691605035,"Name":"J_Right_Shoulder","Number of Components":1,"Components":{"Component 0":{"Component:":"Transform","Type":0,"Position":[-1.3456259965896606,2.602910041809082,0.62627601623535156],"Rotation":[0.15718582272529602,0.70657819509506226,-0.68941479921340942,-0.027333967387676239],"Scale":[0.39370083808898926,0.39370039105415344,0.39370045065879822]}}},"GameObject2":{"UUID":953539916,"Parent":1503292348,"Name":"J_R_Elbow","Number of Components":1,"Components":{"Component 0":{"Component:":"Transform","Type":0,"Position":[0,0,3.593250036239624],"Rotation":[-0.54938715696334839,0.62387710809707642,-0.38545030355453491,-0.40047374367713928],"Scale":[1.0000003576278687,1.0000004768371582,1.0000005960464478]}}},"GameObject3":{"UUID":1240512125,"Parent":953539916,"Name":"J_R_Wrist","Number of Components":1,"Components":{"Component 0":{"Component:":"Transform","Type":0,"Position":[3.5005500316619873,0,0],"Rotation":[0.70058250427246094,0.079414673149585724,0.075987659394741058,0.70505553483963013],"Scale":[0.99999964237213135,0.99999970197677612,0.99999994039535522]}}},"GameObject4":{"UUID":344823226,"Parent":1240512125,"Name":"J_R_Thumb1","Number of Components":1,"Components":{"Component 0":{"Component:":"Transform","Type":0,"Position":[0.48559901118278503,0.38307100534439087,-0.057920001447200775],"Rotation":[-0.064797952771186829,-0.37666839361190796,0.90680009126663208,0.17786446213722229],"Scale":[1.0000002384185791,0.99999946355819702,0.99999946355819702]}}},"GameObject5":{"UUID":218127533,"Parent":344823226,"Name":"J_R_Thumb2","Number of Components":1,"Components":{"Component 0":{"Component:":"Transform","Type":0,"Position":[0,-1.9999999949504854e-06,-0.22512699663639069],"Rotation":[-0.23898141086101532,0.3378259539604187,-0.19502000510692596,0.88922929763793945],"Scale":[1,0.99999982118606567,1.0000001192092896]}}},"GameObject6":{"UUID":1400107056,"Parent":218127533,"Name":"J_R_Thumb3","Number of Components":1,"Components":{"Component 0":{"Component:":"Transform","Type":0,"Position":[0,7.0000000960135367e-06,-0.3701309859752655],"Rotation":[0.21439412236213684,-0.060177918523550034,0.97225010395050049,0.071718446910381317],"Scale":[0.99999970197677612,0.9999997615814209,1.0000004768371582]}}},"GameObject7":{"UUID":423124799,"Parent":1400107056,"Name":"J_R_Thumb4","Number of Components":1,"Components":{"Component 0":{"Component:":"Transform","Type":0,"Position":[3.0000001061125658e-06,1.9999999949504854e-06,-0.26866999268531799],"Rotation":[0.82442563772201538,-0.12344417721033096,0.084529675543308258,0.54583758115768433],"Scale":[1.0000004768371582,1.0000004768371582,0.99999958276748657]}}},"GameObject8":{"UUID":1338445280,"Parent":1240512125,"Name":"J_R_Index1","Number of Components":1,"Components":{"Component 0":{"Component:":"Transform","Type":0,"Position":[1.1007900238037109,0.43420800566673279,0.065801002085208893],"Rotation":[-0.43531745672225952,-0.48385027050971985,0.56071048974990845,0.51185125112533569],"Scale":[0.99999958276748657,0.99999994039535522,1.0000004768371582]}}},"GameObject9":{"UUID":288428256,"Parent":1338445280,"Name":"J_R_Index2","Number of Components":1,"Components":{"Component 0":{"Component:":"Transform","Type":0,"Position":[-9.9999999747524271e-07,-4.9999998736893758e-06,-0.28830400109291077],"Rotation":[0.076276123523712158,0.0048060580156743526,-0.001049068639986217,0.99707460403442383],"Scale":[1.0000003576278687,1.0000002384185791,1.0000002384185791]}}},"GameObject10":{"UUID":1691511526,"Parent":288428256,"Name":"J_R_Index3","Number of Components":1,"Components":{"Component 0":{"Component:":"Transform","Type":0,"Position":[1.9999999949504854e-06,9.9999999747524271e-07,-0.25409901142120361],"Rotation":[0.10546367615461349,-0.058174461126327515,0.02439718134701252,0.9924202561378479],"Scale":[0.99999994039535522,0.99999958276748657,0.99999964237213135]}}},"GameObject11":{"UUID":1015717460,"Parent":1691511526,"Name":"J_R_Index4","Number of Components":1,"Components":{"Component 0":{"Component:":"Transform","Type":0,"Position":[-3.0000001061125658e-06,3.0000001061125658e-06,-0.17952699959278107],"Rotation":[0.44537359476089478,0.23358093202114105,-0.39366301894187927,0.76948791742324829],"Scale":[1.0000002384185791,1.0000002384185791,1.0000004768371582]}}},"GameObject12":{"UUID":776270597,"Parent":1240512125,"Name":"J_R_Midd1","Number of Components":1,"Components":{"Component 0":{"Component:":"Transform","Type":0,"Position":[1.1346050500869751,0.17285700142383575,0.081064999103546143],"Rotation":[-0.44768887758255005,-0.4510357677936554,0.54483115673065186,0.54708319902420044],"Scale":[1.0000002384185791,0.99999970197677612,0.99999964237213135]}}},"GameObject13":{"UUID":1161773335,"Parent":776270597,"Name":"J_R_Midd2","Number of Components":1,"Components":{"Component 0":{"Component:":"Transform","Type":0,"Position":[-7.0000000960135367e-06,3.9999999899009708e-06,-0.3224639892578125],"Rotation":[0.46534416079521179,0.4327968955039978,-0.52254831790924072,0.56840527057647705],"Scale":[0.99999988079071045,1.0000001192092896,0.99999970197677612]}}},"GameObject14":{"UUID":997275427,"Parent":1161773335,"Name":"J_R_Midd3","Number of Components":1,"Components":{"Component 0":{"Component:":"Transform","Type":0,"Position":[0.24104900658130646,-0.017295999452471733,-0.044720999896526337],"Rotation":[-0.38005274534225464,-0.32999303936958313,0.5630725622177124,0.65544945001602173],"Scale":[1.0000003576278687,1.0000005960464478,1]}}},"GameObject15":{"UUID":1018712010,"Parent":997275427,"Name":"J_R_Midd4","Number of Components":1,"Components":{"Component 0":{"Component:":"Transform","Type":0,"Position":[3.9999999899009708e-06,0,-0.2291949987411499],"Rotation":[0.47251209616661072,0.16779972612857819,-0.28193479776382446,0.81797820329666138],"Scale":[0.9999997615814209,1,0.99999964237213135]}}},"GameObject16":{"UUID":953922388,"Parent":1240512125,"Name":"J_R_Ring1","Number of Components":1,"Components":{"Component 0":{"Component:":"Transform","Type":0,"Position":[1.0967049598693848,-0.07569199800491333,0.045896001160144806],"Rotation":[-0.4919818639755249,-0.43348619341850281,0.49706566333770752,0.56830382347106934],"Scale":[0.99999964237213135,1.0000003576278687,0.99999958276748657]}}},"GameObject17":{"UUID":2098791473,"Parent":953922388,"Name":"J_R_Ring2","Number of Components":1,"Components":{"Component 0":{"Component:":"Transform","Type":0,"Position":[-7.9999999798019417e-06,9.9999999747524271e-07,-0.31962499022483826],"Rotation":[0.12971165776252747,-0.046526089310646057,0.012113466858863831,0.99038553237915039],"Scale":[0.99999982118606567,0.9999997615814209,0.9999995231628418]}}},"GameObject18":{"UUID":878832559,"Parent":2098791473,"Name":"J_R_Ring3","Number of Components":1,"Components":{"Component 0":{"Component:":"Transform","Type":0,"Position":[3.0000001061125658e-06,-3.0000001061125658e-06,-0.25803199410438538],"Rotation":[0.09882623702287674,-0.029663009569048882,0.0067423922009766102,0.99463963508605957],"Scale":[0.99999964237213135,1.0000001192092896,1]}}},"GameObject19":{"UUID":1245003462,"Parent":878832559,"Name":"J_R_Ring4","Number of Components":1,"Components":{"Component 0":{"Component:":"Transform","Type":0,"Position":[-3.9999999899009708e-06,3.0000001061125658e-06,-0.13954100012779236],"Rotation":[0.54542070627212524,0.1911642998456955,-0.26618283987045288,0.77143967151641846],