{"Scene":{"Info":{"Number of GameObjects":1,"Tags":{"Number of Tags":3,"Tag0":"undefined","Tag1":"camera","Tag2":"player"},"Number of Audio Banks":0},"Scene":{"Properties":{"UUID":1,"Name":"NewScene"}},"GameObject0":{"UUID":2078812691,"Parent":-1,"Name":"Main Camera","Tag":"undefined","Bounding Box":false,"Static":false,"Number of Components":2,"Components":{"Component 0":{"Component:":"Transform","Type":0,"Position":[-3.0464861392974854,6.0276107788085938,-9.0217266082763672],"Rotation":[0.28750592470169067,0,0,0.95777887105941772],"Scale":[1,1,1]},"Component 1":{"Component:":"Camera","Type":4,"Position":[-3.0464861392974854,6.0276107788085938,-9.0217266082763672],"Front":[0,-0.55073422193527222,0.83468067646026611],"Up":[0,0.83468067646026611,0.55073422193527222],"Near Plane":0.20000000298023224,"Far Plane":1000,"Vertical Pov":1.0471975803375244,"Main Camera":true,"Culling":false}}}}}