{"Scene":{"Info":{"Number of GameObjects":2,"Tags":{"Number of Tags":3,"Tag0":"undefined","Tag1":"camera","Tag2":"player"},"Number of Audio Banks":0},"Scene":{"Properties":{"UUID":1,"Name":"NewScene"}},"GameObject0":{"UUID":2078812691,"Parent":-1,"Name":"Main Camera","Tag":"undefined","Bounding Box":false,"Static":false,"Animation_Translations":true,"Animation_Rotations":true,"Animation_Scale":true,"Number of Components":2,"Components":{"Component 0":{"Component:":"Transform","Type":0,"Position":[-3.0464861392974854,6.0276107788085938,-9.0217266082763672],"Rotation":[0.28750592470169067,0,0,0.95777887105941772],"Scale":[1,1,1]},"Component 1":{"Component:":"Camera","Type":4,"Position":[-3.0464861392974854,6.0276107788085938,-9.0217266082763672],"Front":[0,-0.55073422193527222,0.83468067646026611],"Up":[0,0.83468067646026611,0.55073422193527222],"Near Plane":0.20000000298023224,"Far Plane":1000,"Vertical Pov":1.0471975803375244,"Main Camera":true,"Culling":false}}},"GameObject1":{"UUID":852762248,"Parent":-1,"Name":"Main Light","Tag":"undefined","Bounding Box":false,"Static":false,"Animation_Translations":false,"Animation_Rotations":true,"Animation_Scale":false,"Number of Components":2,"Components":{"Component 0":{"Component:":"Transform","Type":0,"Position":[0,7.4796314239501953,0],"Rotation":[-0.30070579051971436,0,0,0.9537169337272644],"Scale":[1,1,1]},"Component 1":{"Component:":"Light component","Type":20,"Color":[1,1,1,1],"Light Type":1,"Attenuation":1,"Ambient Coefficient":0.20000000298023224,"Radius":1}}}}}