{"Prefab":{"Info":{"Number of GameObjects":2,"Directory Prefab":"","Resources":{"Number of Resources":1,"Type":3,"Resource 0":{"UUID Resource":780296850,"Name":"Plane","Type":3}}},"GameObject0":{"UUID":599380731,"Parent":-1,"Name":"plane2.fbx","Tag":"undefined","AnimRotations":true,"AnimScales":true,"AnimTranslations":true,"Number of Components":1,"Components":{"Component 0":{"Component:":"Transform","Type":0,"Position":[352.15972900390625,32.135139465332031,203.00688171386719],"Rotation":[0.7071068286895752,0,0,0.70710670948028564],"Scale":[1.4000000953674316,1.3249976634979248,0.99999403953552246]}}},"GameObject1":{"UUID":1791795440,"Parent":599380731,"Name":"Plane (2) (2)","Tag":"undefined","AnimRotations":true,"AnimScales":true,"AnimTranslations":true,"Number of Components":3,"Components":{"Component 0":{"Component:":"Transform","Type":0,"Position":[0,0,0],"Rotation":[0.47299450635910034,-0.48888897895812988,-0.52261555194854736,0.51394236087799072],"Scale":[1.000001072883606,1.0000005960464478,1.000001072883606]},"Component 1":{"Component:":"CompMesh","Type":2,"UUID":702321750,"Resource Mesh UUID":780296850,"Has Skeleton":false,"Generated Skeleton":false},"Component 2":{"Component:":"CompMaterial","Type":3,"Color":[1,1,1,1],"UUID":287398207,"MaterialName:":"test"}}}}}