{"Prefab":{"Info":{"Number of GameObjects":8,"Directory Prefab":"Assets\/PlayerCamera_18_April.dae","Resources":{"Number of Resources":1,"Type":3,"Last Write":1524252770,"Resource 0":{"UUID Resource":1980181626,"Name":"pCube1","Type":3}}},"GameObject0":{"UUID":1822896413,"Parent":-1,"Name":"PlayerCamera_18_April.dae","Tag":"undefined","AnimRotations":true,"AnimScales":false,"AnimTranslations":false,"Number of Components":1,"Components":{"Component 0":{"Component:":"Transform","Type":0,"Position":[0,0,0],"Rotation":[0,0,0,1],"Scale":[0.025399999693036079,0.025399999693036079,0.025399999693036079]}}},"GameObject1":{"UUID":2030082714,"Parent":1822896413,"Name":"Spine","Tag":"undefined","AnimRotations":true,"AnimScales":false,"AnimTranslations":false,"Number of Components":1,"Components":{"Component 0":{"Component:":"Transform","Type":0,"Position":[0,2.9582228660583496,0.62430298328399658],"Rotation":[0,0,0,1],"Scale":[0.3937009871006012,0.3937009871006012,0.3937009871006012]}}},"GameObject2":{"UUID":1899887736,"Parent":2030082714,"Name":"Left","Tag":"undefined","AnimRotations":true,"AnimScales":false,"AnimTranslations":false,"Number of Components":1,"Components":{"Component 0":{"Component:":"Transform","Type":0,"Position":[1,-0.88028699159622192,0.012013000436127186],"Rotation":[-0.00067804980790242553,0.23688925802707672,-0.00084273726679384708,0.97153609991073608],"Scale":[1.0000004768371582,1.0000002384185791,0.99999994039535522]}}},"GameObject3":{"UUID":2123798385,"Parent":2030082714,"Name":"Right","Tag":"undefined","AnimRotations":true,"AnimScales":false,"AnimTranslations":false,"Number of Components":1,"Components":{"Component 0":{"Component:":"Transform","Type":0,"Position":[-1,-0.88028699159622192,0.012013000436127186],"Rotation":[-0.00067804980790242553,0.23688925802707672,-0.00084273726679384708,0.97153609991073608],"Scale":[1.0000004768371582,1.0000002384185791,0.99999994039535522]}}},"GameObject4":{"UUID":275815194,"Parent":2030082714,"Name":"Up","Tag":"undefined","AnimRotations":true,"AnimScales":false,"AnimTranslations":false,"Number of Components":1,"Components":{"Component 0":{"Component:":"Transform","Type":0,"Position":[0,0.94222402572631836,9.9999999747524271e-07],"Rotation":[-0.00067804980790242553,0.23688925802707672,-0.00084273726679384708,0.97153609991073608],"Scale":[1.0000004768371582,1.0000002384185791,0.99999994039535522]}}},"GameObject5":{"UUID":1878333647,"Parent":1822896413,"Name":"group56","Tag":"undefined","AnimRotations":true,"AnimScales":false,"AnimTranslations":false,"Number of Components":1,"Components":{"Component 0":{"Component:":"Transform","Type":0,"Position":[0,0,0],"Rotation":[0,0,0,1],"Scale":[0.3937009871006012,0.3937009871006012,0.3937009871006012]}}},"GameObject6":{"UUID":450153722,"Parent":1878333647,"Name":"General","Tag":"undefined","AnimRotations":true,"AnimScales":false,"AnimTranslations":false,"Number of Components":1,"Components":{"Component 0":{"Component:":"Transform","Type":0,"Position":[0,7.5138869285583496,1.5857290029525757],"Rotation":[0,0,0,1],"Scale":[1,1,1]}}},"GameObject7":{"UUID":1923418691,"Parent":1822896413,"Name":"pCube1","Tag":"undefined","AnimRotations":true,"AnimScales":false,"AnimTranslations":false,"Number of Components":3,"Components":{"Component 0":{"Component:":"Transform","Type":0,"Position":[0,0,0],"Rotation":[0,0,0,1],"Scale":[1,1,1]},"Component 1":{"Component:":"CompMesh","Type":2,"UUID":1842393779,"Resource Mesh UUID":1980181626,"Has Skeleton":true,"Generated Skeleton":false},"Component 2":{"Component:":"CompMaterial","Type":3,"Color":[1,1,1,1],"UUID":99052449,"MaterialName:":"Default Material"}}}}}