{"Prefab":{"Info":{"Number of GameObjects":43,"Directory Prefab":"C:\\Users\\Administrador\\Documents\\GitHub\\CulverinEngine-Project3\\Engine\\Game\\Assets\\Right Hand Jamie.dae","Resources":{"Number of Resources":1,"Last Write":1519500261,"Resource 0":{"UUID Resource":1305902548,"Name":"Mano_derecha"}}},"GameObject0":{"UUID":633968089,"Parent":-1,"Name":"Right Hand Jamie.dae","Number of Components":1,"Components":{"Component 0":{"Component:":"Transform","Type":0,"Position":[0,0,0],"Rotation":[0,0,0,1],"Scale":[0.0099999997764825821,0.0099999997764825821,0.0099999997764825821]}}},"GameObject1":{"UUID":260927478,"Parent":633968089,"Name":"curve1","Number of Components":1,"Components":{"Component 0":{"Component:":"Transform","Type":0,"Position":[0,0,0],"Rotation":[0,0,0,1],"Scale":[1,1,1]}}},"GameObject2":{"UUID":467775865,"Parent":260927478,"Name":"curve2","Number of Components":1,"Components":{"Component 0":{"Component:":"Transform","Type":0,"Position":[0,0,0],"Rotation":[0,0,0,1],"Scale":[1,1,1]}}},"GameObject3":{"UUID":433990410,"Parent":467775865,"Name":"nurbsCircle1","Number of Components":1,"Components":{"Component 0":{"Component:":"Transform","Type":0,"Position":[0,0,0],"Rotation":[0,0,0,1],"Scale":[1,1,1]}}},"GameObject4":{"UUID":1898904967,"Parent":433990410,"Name":"bezier61","Number of Components":1,"Components":{"Component 0":{"Component:":"Transform","Type":0,"Position":[-4.5904879570007324,-2.0092198848724365,0.83765298128128052],"Rotation":[-0.065841294825077057,0.18797712028026581,0.97988265752792358,0.012630850076675415],"Scale":[-1.0000002384185791,-0.99999994039535522,-0.99999982118606567]}}},"GameObject5":{"UUID":274430893,"Parent":1898904967,"Name":"bezier60","Number of Components":1,"Components":{"Component 0":{"Component:":"Transform","Type":0,"Position":[-0.0035319998860359192,-0.22652600705623627,-0.10572499781847],"Rotation":[-0.012630846351385117,0.97988265752792358,-0.18797712028026581,0.06584128737449646],"Scale":[1.0000002384185791,0.9999997615814209,1]}}},"GameObject6":{"UUID":2138677841,"Parent":274430893,"Name":"bezier59","Number of Components":1,"Components":{"Component 0":{"Component:":"Transform","Type":0,"Position":[0.02346000075340271,-0.24900199472904205,0.14434699714183807],"Rotation":[-0.062702864408493042,0.99803227186203003,0,0],"Scale":[1.0000002384185791,1.0000002384185791,1]}}},"GameObject7":{"UUID":1111303516,"Parent":433990410,"Name":"bezier49","Number of Components":1,"Components":{"Component 0":{"Component:":"Transform","Type":0,"Position":[-5.0163187980651855,-2.5004429817199707,0.1381240040063858],"Rotation":[1,-0,-0,0],"Scale":[-1,-1,-1]}}},"GameObject8":{"UUID":521253320,"Parent":1111303516,"Name":"bezier48","Number of Components":1,"Components":{"Component 0":{"Component:":"Transform","Type":0,"Position":[0.037824999541044235,-0.18811999261379242,-0.022329000756144524],"Rotation":[0,0.9900975227355957,0,-0.14038115739822388],"Scale":[0.99999970197677612,1,0.99999970197677612]}}},"GameObject9":{"UUID":1998724714,"Parent":521253320,"Name":"bezier47","Number of Components":1,"Components":{"Component 0":{"Component:":"Transform","Type":0,"Position":[-0.053922001272439957,-0.16593000292778015,0.0093959998339414597],"Rotation":[0,0.012409455142915249,0,0.9999229907989502],"Scale":[1,1,1]}}},"GameObject10":{"UUID":567955088,"Parent":433990410,"Name":"bezier58","Number of Components":1,"Components":{"Component 0":{"Component:":"Transform","Type":0,"Position":[-5.079564094543457,-2.5014381408691406,0.77931302785873413],"Rotation":[0.23747925460338593,0.02613619901239872,0.96521300077438354,0.10622814297676086],"Scale":[-0.99999946355819702,-1,-1]}}},"GameObject11":{"UUID":2132273084,"Parent":567955088,"Name":"bezier57","Number of Components":1,"Components":{"Component 0":{"Component:":"Transform","Type":0,"Position":[-0.07782600075006485,-0.27938398718833923,-0.027886999770998955],"Rotation":[0.062248911708593369,0.025518028065562248,0.10795293003320694,0.99187707901000977],"Scale":[1,0.99999946355819702,1.0000001192092896]}}},"GameObject12":{"UUID":1882314995,"Parent":2132273084,"Name":"bezier56","Number of Components":1,"Components":{"Component 0":{"Component:":"Transform","Type":0,"Position":[-0.12248499691486359,-0.18241900205612183,0.0076439999975264072],"Rotation":[-0.15532802045345306,-0.074775464832782745,0.021476808935403824,0.98479467630386353],"Scale":[1.0000002384185791,1,1.0000004768371582]}}},"GameObject13":{"UUID":610192367,"Parent":433990410,"Name":"bezier52","Number of Components":1,"Components":{"Component 0":{"Component:":"Transform","Type":0,"Position":[-0.051435999572277069,0,0],"Rotation":[1,-0,-0,0],"Scale":[-1,-1,-1]}}},"GameObject14":{"UUID":681277953,"Parent":610192367,"Name":"bezier51","Number of Components":1,"Components":{"Component 0":{"Component:":"Transform","Type":0,"Position":[0.00063700001919642091,0,0],"Rotation":[0,0,0,1],"Scale":[1,1,1]}}},"GameObject15":{"UUID":1928538171,"Parent":681277953,"Name":"bezier50","Number of Components":1,"Components":{"Component 0":{"Component:":"Transform","Type":0,"Position":[5.2239751815795898,-3.0595240592956543,0.34998100996017456],"Rotation":[0,0,0,1],"Scale":[1,1,1]}}},"GameObject16":{"UUID":1783425457,"Parent":433990410,"Name":"bezier55","Number of Components":1,"Components":{"Component 0":{"Component:":"Transform","Type":0,"Position":[-5.1161518096923828,-2.5432000160217285,0.57256400585174561],"Rotation":[0.10651273280382156,0.0012001539580523968,0.99424749612808228,0.011203196831047535],"Scale":[-0.99999988079071045,-0.99999988079071045,-0.99999982118606567]}}},"GameObject17":{"UUID":654239551,"Parent":1783425457,"Name":"bezier54","Number of Components":1,"Components":{"Component 0":{"Component:":"Transform","Type":0,"Position":[-0.081615999341011047,-0.23158499598503113,0.0030070000793784857],"Rotation":[-0.013125187717378139,-0.061183981597423553,0.010400695726275444,0.99798601865768433],"Scale":[1.0000002384185791,0.99999988079071045,0.99999958276748657]}}},"GameObject18":{"UUID":683627301,"Parent":654239551,"Name":"bezier53","Number of Components":1,"Components":{"Component 0":{"Component:":"Transform","Type":0,"Position":[-0.1318809986114502,-0.30281800031661987,-0.0035610001068562269],"Rotation":[0.013808001764118671,0.06769677996635437,0.00093698897399008274,0.99760997295379639],"Scale":[1.0000004768371582,1,1]}}},"GameObject19":{"UUID":136254460,"Parent":633968089,"Name":"rig_derecha","Number of Components":1,"Components":{"Component 0":{"Component:":"Transform","Type":0,"Position":[-1.5435309410095215,2.693385124206543,0],"Rotation":[-0.33276045322418213,0.94085335731506348,0.022813865914940834,0.059539571404457092],"Scale":[1,0.9999997615814209,0.99999982118606567]}}},"GameObject20":{"UUID":736490861,"Parent":136254460,"Name":"J_R_Elbow","Number of Components":1,"Components":{"Component 0":{"Component:":"Transform","Type":0,"Position":[2.7326760292053223,-1.0646460056304932,0.019739000126719475],"Rotation":[-0.003111476544290781,-0.034263048321008682,0.053048901259899139,0.99799907207489014],"Scale":[1.0000002384185791,0.99999964237213135,1.0000002384185791]}}},"GameObject21":{"UUID":1910677909,"Parent":736490861,"Name":"J_R_Wrist","Number of Components":1,"Components":{"Component 0":{"Component:":"Transform","Type":0,"Position":[1.8728659152984619,-0.87836301326751709,-1.0058490037918091],"Rotation":[0.0054183448664844036,-0.01237550750374794,0.40103673934936523,0.9159623384475708],"Scale":[1.0000001192092896,0.99999958276748657,1]}}},"GameObject22":{"UUID":1727156368,"Parent":1910677909,"Name":"J_R_Pinkie1","Number of Components":1,"Components":{"Component 0":{"Component:":"Transform","Type":0,"Position":[0.088592998683452606,-1.0355299711227417,-0.13552400469779968],"Rotation":[0.066857621073722839,0.99357020854949951,-0.02784176729619503,-0.087024293839931488],"Scale":[1.0000003576278687,1.0000002384185791,0.99999970197677612]}}},"GameObject23":{"UUID":154166410,"Parent":1727156368,"Name":"J_R_Pinkie2",