{"Prefab":{"Info":{"Number of GameObjects":2,"Directory Prefab":"D:\\Github\\CulverinEngine-Project3\\Engine\\Game\\Assets\\SimpleSword.fbx","Resources":{"Number of Resources":1,"Last Write":1520404904,"Resource 0":{"UUID Resource":394784697,"Name":"Group35308.001"}}},"GameObject0":{"UUID":388451021,"Parent":-1,"Name":"SimpleSword.fbx","Number of Components":1,"Components":{"Component 0":{"Component:":"Transform","Type":0,"Position":[0,0,0],"Rotation":[0,0,0,1],"Scale":[1,1,1]}}},"GameObject1":{"UUID":1086966370,"Parent":388451021,"Name":"Group35308.001","Number of Components":3,"Components":{"Component 0":{"Component:":"Transform","Type":0,"Position":[-40.185665130615234,5.9860153198242188,-32.861927032470703],"Rotation":[1.5454309831852697e-08,-1.5454308055495858e-08,-0.70710664987564087,0.70710688829421997],"Scale":[8.3573598861694336,8.3573598861694336,8.3573598861694336]},"Component 1":{"Component:":"CompMesh","Type":2,"UUID":509409137,"Resource Mesh UUID":394784697,"Has Skeleton":false,"Generated Skeleton":false},"Component 2":{"Component:":"Material","Type":3,"Color":[1,1,1,1],"UUID":2028580519,"MaterialName:":"Diffuse"}}}}}