{"Prefab":{"Info":{"Number of GameObjects":9,"Directory Prefab":"Assets\/Spheres_Flame (1).dae","Resources":{"Number of Resources":8,"Type":3,"Last Write":1522570860,"Resource 0":{"UUID Resource":1202164932,"Name":"pSphere2","Type":3},"Resource 1":{"UUID Resource":714133600,"Name":"pSphere3","Type":3},"Resource 2":{"UUID Resource":1795156426,"Name":"pSphere4","Type":3},"Resource 3":{"UUID Resource":574382641,"Name":"pSphere5","Type":3},"Resource 4":{"UUID Resource":1655576330,"Name":"pSphere6","Type":3},"Resource 5":{"UUID Resource":699815830,"Name":"pSphere7","Type":3},"Resource 6":{"UUID Resource":1288096685,"Name":"pSphere8","Type":3},"Resource 7":{"UUID Resource":1989424988,"Name":"pSphere9","Type":3}}},"GameObject0":{"UUID":1957620353,"Parent":-1,"Name":"Spheres_Flame (1).dae","Tag":"undefined","AnimRotations":true,"AnimScales":false,"AnimTranslations":false,"Number of Components":1,"Components":{"Component 0":{"Component:":"Transform","Type":0,"Position":[0,0,0],"Rotation":[0,0,0,1],"Scale":[0.0099999997764825821,0.0099999997764825821,0.0099999997764825821]}}},"GameObject1":{"UUID":1436939358,"Parent":1957620353,"Name":"pSphere2","Tag":"undefined","AnimRotations":true,"AnimScales":false,"AnimTranslations":false,"Number of Components":3,"Components":{"Component 0":{"Component:":"Transform","Type":0,"Position":[6.5330309867858887,-72.400382995605469,0.018645999953150749],"Rotation":[-0.29045018553733826,-0.70057064294815063,0.24962598085403442,0.60210174322128296],"Scale":[1.0000001192092896,0.99999964237213135,0.99999970197677612]},"Component 1":{"Component:":"CompMesh","Type":2,"UUID":629347823,"Resource Mesh UUID":1202164932,"Has Skeleton":false,"Generated Skeleton":false},"Component 2":{"Component:":"CompMaterial","Type":3,"Color":[1,1,1,1],"UUID":715935342,"MaterialName:":"Default Material"}}},"GameObject2":{"UUID":1038998512,"Parent":1957620353,"Name":"pSphere3","Tag":"undefined","AnimRotations":true,"AnimScales":false,"AnimTranslations":false,"Number of Components":3,"Components":{"Component 0":{"Component:":"Transform","Type":0,"Position":[-0.21330900490283966,-72.400382995605469,6.7276949882507324],"Rotation":[0.38189142942428589,0.92112845182418823,0.028867049142718315,0.069627918303012848],"Scale":[1.0000001192092896,0.99999964237213135,0.99999970197677612]},"Component 1":{"Component:":"CompMesh","Type":2,"UUID":276238404,"Resource Mesh UUID":714133600,"Has Skeleton":false,"Generated Skeleton":false},"Component 2":{"Component:":"CompMaterial","Type":3,"Color":[1,1,1,1],"UUID":1277865999,"MaterialName:":"Default Material"}}},"GameObject3":{"UUID":356188463,"Parent":1957620353,"Name":"pSphere4","Tag":"undefined","AnimRotations":true,"AnimScales":false,"AnimTranslations":false,"Number of Components":3,"Components":{"Component 0":{"Component:":"Transform","Type":0,"Position":[4.5493507385253906,-72.400382995605469,4.7703828811645508],"Rotation":[0.36386877298355103,0.87765711545944214,-0.11947377771139145,-0.28817266225814819],"Scale":[0.99999982118606567,0.99999988079071045,0.99999988079071045]},"Component 1":{"Component:":"CompMesh","Type":2,"UUID":1203310614,"Resource Mesh UUID":1795156426,"Has Skeleton":false,"Generated Skeleton":false},"Component 2":{"Component:":"CompMaterial","Type":3,"Color":[1,1,1,1],"UUID":203704177,"MaterialName:":"Default Material"}}},"GameObject4":{"UUID":106502129,"Parent":1957620353,"Name":"pSphere5","Tag":"undefined","AnimRotations":true,"AnimScales":false,"AnimTranslations":false,"Number of Components":3,"Components":{"Component 0":{"Component:":"Transform","Type":0,"Position":[4.5757198333740234,-72.400382995605469,-4.744013786315918],"Rotation":[-0.17281340062618256,-0.41682854294776917,0.34177479147911072,0.82436609268188477],"Scale":[0.99999982118606567,0.99999994039535522,0.99999988079071045]},"Component 1":{"Component:":"CompMesh","Type":2,"UUID":1671173665,"Resource Mesh UUID":574382641,"Has Skeleton":false,"Generated Skeleton":false},"Component 2":{"Component:":"CompMaterial","Type":3,"Color":[1,1,1,1],"UUID":265220152,"MaterialName:":"Default Material"}}},"GameObject5":{"UUID":827805486,"Parent":1957620353,"Name":"pSphere6","Tag":"undefined","AnimRotations":true,"AnimScales":false,"AnimTranslations":false,"Number of Components":3,"Components":{"Component 0":{"Component:":"Transform","Type":0,"Position":[-0.17601700127124786,-72.400382995605469,-6.7276949882507324],"Rotation":[-0.028867049142718315,-0.069627918303012848,0.38189142942428589,0.92112845182418823],"Scale":[1.0000001192092896,0.99999964237213135,0.99999970197677612]},"Component 1":{"Component:":"CompMesh","Type":2,"UUID":627106267,"Resource Mesh UUID":1655576330,"Has Skeleton":false,"Generated Skeleton":false},"Component 2":{"Component:":"CompMaterial","Type":3,"Color":[1,1,1,1],"UUID":1422871297,"MaterialName:":"Default Material"}}},"GameObject6":{"UUID":449415974,"Parent":1957620353,"Name":"pSphere7","Tag":"undefined","AnimRotations":true,"AnimScales":false,"AnimTranslations":false,"Number of Components":3,"Components":{"Component 0":{"Component:":"Transform","Type":0,"Position":[-4.9386768341064453,-72.400382995605469,-4.7703828811645508],"Rotation":[0.11947377026081085,0.28817263245582581,0.36386877298355103,0.87765717506408691],"Scale":[0.99999982118606567,0.99999988079071045,0.99999988079071045]},"Component 1":{"Component:":"CompMesh","Type":2,"UUID":2100272711,"Resource Mesh UUID":699815830,"Has Skeleton":false,"Generated Skeleton":false},"Component 2":{"Component:":"CompMaterial","Type":3,"Color":[1,1,1,1],"UUID":924888301,"MaterialName:":"Default Material"}}},"GameObject7":{"UUID":1498732273,"Parent":1957620353,"Name":"pSphere8","Tag":"undefined","AnimRotations":true,"AnimScales":false,"AnimTranslations":false,"Number of Components":3,"Components":{"Component 0":{"Component:":"Transform","Type":0,"Position":[-6.9223580360412598,-72.400382995605469,-0.018645999953150749],"Rotation":[0.24962592124938965,0.60210186243057251,0.29045006632804871,0.70057052373886108],"Scale":[1.0000001192092896,0.99999964237213135,0.99999970197677612]},"Component 1":{"Component:":"CompMesh","Type":2,"UUID":1304138097,"Resource Mesh UUID":1288096685,"Has Skeleton":false,"Generated Skeleton":false},"Component 2":{"Component:":"CompMaterial","Type":3,"Color":[1,1,1,1],"UUID":1937339724,"MaterialName:":"Default Material"}}},"GameObject8":{"UUID":376023828,"Parent":1957620353,"Name":"pSphere9","Tag":"undefined","AnimRotations":true,"AnimScales":false,"AnimTranslations":false,"Number of Components":3,"Components":{"Component 0":{"Component:":"Transform","Type":0,"Position":[-4.9650459289550781,-72.400382995605469,4.744013786315918],"Rotation":[0.34177479147911072,0.82436609268188477,0.17281340062618256,0.41682854294776917],"Scale":[0.99999982118606567,0.99999994039535522,0.99999988079071045]},"Component 1":{"Component:":"CompMesh","Type":2,"UUID":1329272258,"Resource Mesh UUID":1989424988,"Has Skeleton":false,"Generated Skeleton":false},"Component 2":{"Component:":"CompMaterial","Type":3,"Color":[1,1,1,1],"UUID":1603590400,"MaterialName:":"Default Material"}}}}}