{"Prefab":{"Info":{"Number of GameObjects":9,"Directory Prefab":"Assets\/Spheres_Flame (1).dae","Resources":{"Number of Resources":8,"Type":3,"Last Write":1522511786,"Resource 0":{"UUID Resource":1202164932,"Name":"pSphere2","Type":3},"Resource 1":{"UUID Resource":714133600,"Name":"pSphere3","Type":3},"Resource 2":{"UUID Resource":1795156426,"Name":"pSphere4","Type":3},"Resource 3":{"UUID Resource":574382641,"Name":"pSphere5","Type":3},"Resource 4":{"UUID Resource":1655576330,"Name":"pSphere6","Type":3},"Resource 5":{"UUID Resource":699815830,"Name":"pSphere7","Type":3},"Resource 6":{"UUID Resource":1288096685,"Name":"pSphere8","Type":3},"Resource 7":{"UUID Resource":1989424988,"Name":"pSphere9","Type":3}}},"GameObject0":{"UUID":169562168,"Parent":-1,"Name":"Spheres_Flame (1).dae","Tag":"undefined","Number of Components":1,"Components":{"Component 0":{"Component:":"Transform","Type":0,"Position":[0,0,0],"Rotation":[0,0,0,1],"Scale":[0.0099999997764825821,0.0099999997764825821,0.0099999997764825821]}}},"GameObject1":{"UUID":370090769,"Parent":169562168,"Name":"pSphere2","Tag":"undefined","Number of Components":3,"Components":{"Component 0":{"Component:":"Transform","Type":0,"Position":[6.5330309867858887,-72.400382995605469,0.018645999953150749],"Rotation":[-0.29045018553733826,-0.70057064294815063,0.24962598085403442,0.60210174322128296],"Scale":[1.0000001192092896,0.99999964237213135,0.99999970197677612]},"Component 1":{"Component:":"CompMesh","Type":2,"UUID":580631843,"Resource Mesh UUID":1202164932,"Has Skeleton":false,"Generated Skeleton":false},"Component 2":{"Component:":"CompMaterial","Type":3,"Color":[1,1,1,1],"UUID":2084854022,"MaterialName:":"Default Material"}}},"GameObject2":{"UUID":2044556241,"Parent":169562168,"Name":"pSphere3","Tag":"undefined","Number of Components":3,"Components":{"Component 0":{"Component:":"Transform","Type":0,"Position":[-0.21330900490283966,-72.400382995605469,6.7276949882507324],"Rotation":[0.38189142942428589,0.92112845182418823,0.028867049142718315,0.069627918303012848],"Scale":[1.0000001192092896,0.99999964237213135,0.99999970197677612]},"Component 1":{"Component:":"CompMesh","Type":2,"UUID":243996913,"Resource Mesh UUID":714133600,"Has Skeleton":false,"Generated Skeleton":false},"Component 2":{"Component:":"CompMaterial","Type":3,"Color":[1,1,1,1],"UUID":713432203,"MaterialName:":"Default Material"}}},"GameObject3":{"UUID":153970256,"Parent":169562168,"Name":"pSphere4","Tag":"undefined","Number of Components":3,"Components":{"Component 0":{"Component:":"Transform","Type":0,"Position":[4.5493507385253906,-72.400382995605469,4.7703828811645508],"Rotation":[0.36386877298355103,0.87765711545944214,-0.11947377771139145,-0.28817266225814819],"Scale":[0.99999982118606567,0.99999988079071045,0.99999988079071045]},"Component 1":{"Component:":"CompMesh","Type":2,"UUID":1472310799,"Resource Mesh UUID":1795156426,"Has Skeleton":false,"Generated Skeleton":false},"Component 2":{"Component:":"CompMaterial","Type":3,"Color":[1,1,1,1],"UUID":60698575,"MaterialName:":"Default Material"}}},"GameObject4":{"UUID":1332246440,"Parent":169562168,"Name":"pSphere5","Tag":"undefined","Number of Components":3,"Components":{"Component 0":{"Component:":"Transform","Type":0,"Position":[4.5757198333740234,-72.400382995605469,-4.744013786315918],"Rotation":[-0.17281340062618256,-0.41682854294776917,0.34177479147911072,0.82436609268188477],"Scale":[0.99999982118606567,0.99999994039535522,0.99999988079071045]},"Component 1":{"Component:":"CompMesh","Type":2,"UUID":363201663,"Resource Mesh UUID":574382641,"Has Skeleton":false,"Generated Skeleton":false},"Component 2":{"Component:":"CompMaterial","Type":3,"Color":[1,1,1,1],"UUID":1990519945,"MaterialName:":"Default Material"}}},"GameObject5":{"UUID":800858274,"Parent":169562168,"Name":"pSphere6","Tag":"undefined","Number of Components":3,"Components":{"Component 0":{"Component:":"Transform","Type":0,"Position":[-0.17601700127124786,-72.400382995605469,-6.7276949882507324],"Rotation":[-0.028867049142718315,-0.069627918303012848,0.38189142942428589,0.92112845182418823],"Scale":[1.0000001192092896,0.99999964237213135,0.99999970197677612]},"Component 1":{"Component:":"CompMesh","Type":2,"UUID":1435967093,"Resource Mesh UUID":1655576330,"Has Skeleton":false,"Generated Skeleton":false},"Component 2":{"Component:":"CompMaterial","Type":3,"Color":[1,1,1,1],"UUID":1658762962,"MaterialName:":"Default Material"}}},"GameObject6":{"UUID":989885499,"Parent":169562168,"Name":"pSphere7","Tag":"undefined","Number of Components":3,"Components":{"Component 0":{"Component:":"Transform","Type":0,"Position":[-4.9386768341064453,-72.400382995605469,-4.7703828811645508],"Rotation":[0.11947377026081085,0.28817263245582581,0.36386877298355103,0.87765717506408691],"Scale":[0.99999982118606567,0.99999988079071045,0.99999988079071045]},"Component 1":{"Component:":"CompMesh","Type":2,"UUID":1920610002,"Resource Mesh UUID":699815830,"Has Skeleton":false,"Generated Skeleton":false},"Component 2":{"Component:":"CompMaterial","Type":3,"Color":[1,1,1,1],"UUID":1719668787,"MaterialName:":"Default Material"}}},"GameObject7":{"UUID":1916400941,"Parent":169562168,"Name":"pSphere8","Tag":"undefined","Number of Components":3,"Components":{"Component 0":{"Component:":"Transform","Type":0,"Position":[-6.9223580360412598,-72.400382995605469,-0.018645999953150749],"Rotation":[0.24962592124938965,0.60210186243057251,0.29045006632804871,0.70057052373886108],"Scale":[1.0000001192092896,0.99999964237213135,0.99999970197677612]},"Component 1":{"Component:":"CompMesh","Type":2,"UUID":738408898,"Resource Mesh UUID":1288096685,"Has Skeleton":false,"Generated Skeleton":false},"Component 2":{"Component:":"CompMaterial","Type":3,"Color":[1,1,1,1],"UUID":154862125,"MaterialName:":"Default Material"}}},"GameObject8":{"UUID":1809691312,"Parent":169562168,"Name":"pSphere9","Tag":"undefined","Number of Components":3,"Components":{"Component 0":{"Component:":"Transform","Type":0,"Position":[-4.9650459289550781,-72.400382995605469,4.744013786315918],"Rotation":[0.34177479147911072,0.82436609268188477,0.17281340062618256,0.41682854294776917],"Scale":[0.99999982118606567,0.99999994039535522,0.99999988079071045]},"Component 1":{"Component:":"CompMesh","Type":2,"UUID":1800746909,"Resource Mesh UUID":1989424988,"Has Skeleton":false,"Generated Skeleton":false},"Component 2":{"Component:":"CompMaterial","Type":3,"Color":[1,1,1,1],"UUID":1852723276,"MaterialName:":"Default Material"}}}}}