{"Prefab":{"Info":{"Number of GameObjects":18,"Directory Prefab":"Assets\/Spheres_Flame (2).dae","Resources":{"Number of Resources":1,"Type":3,"Last Write":1522775104,"Resource 0":{"UUID Resource":941813611,"Name":"pSphere10","Type":3}}},"GameObject0":{"UUID":1265448217,"Parent":-1,"Name":"Spheres_Flame (2).dae","Tag":"undefined","AnimRotations":true,"AnimScales":false,"AnimTranslations":false,"Number of Components":1,"Components":{"Component 0":{"Component:":"Transform","Type":0,"Position":[0,0,0],"Rotation":[0,0,0,1],"Scale":[0.0099999997764825821,0.0099999997764825821,0.0099999997764825821]}}},"GameObject1":{"UUID":1253697582,"Parent":1265448217,"Name":"pSphere2","Tag":"undefined","AnimRotations":true,"AnimScales":false,"AnimTranslations":false,"Number of Components":1,"Components":{"Component 0":{"Component:":"Transform","Type":0,"Position":[6.5330309867858887,-72.400382995605469,0.018645999953150749],"Rotation":[-0.29045018553733826,-0.70057064294815063,0.24962598085403442,0.60210174322128296],"Scale":[1.0000001192092896,0.99999964237213135,0.99999970197677612]}}},"GameObject2":{"UUID":1354007754,"Parent":1253697582,"Name":"transform8","Tag":"undefined","AnimRotations":true,"AnimScales":false,"AnimTranslations":false,"Number of Components":1,"Components":{"Component 0":{"Component:":"Transform","Type":0,"Position":[0,0,0],"Rotation":[0,0,0,1],"Scale":[1,1,1]}}},"GameObject3":{"UUID":1431672522,"Parent":1265448217,"Name":"pSphere3","Tag":"undefined","AnimRotations":true,"AnimScales":false,"AnimTranslations":false,"Number of Components":1,"Components":{"Component 0":{"Component:":"Transform","Type":0,"Position":[-0.21330900490283966,-72.400382995605469,6.7276949882507324],"Rotation":[0.38189142942428589,0.92112845182418823,0.028867049142718315,0.069627918303012848],"Scale":[1.0000001192092896,0.99999964237213135,0.99999970197677612]}}},"GameObject4":{"UUID":1166662304,"Parent":1431672522,"Name":"transform7","Tag":"undefined","AnimRotations":true,"AnimScales":false,"AnimTranslations":false,"Number of Components":1,"Components":{"Component 0":{"Component:":"Transform","Type":0,"Position":[0,0,0],"Rotation":[0,0,0,1],"Scale":[1,1,1]}}},"GameObject5":{"UUID":2069769950,"Parent":1265448217,"Name":"pSphere4","Tag":"undefined","AnimRotations":true,"AnimScales":false,"AnimTranslations":false,"Number of Components":1,"Components":{"Component 0":{"Component:":"Transform","Type":0,"Position":[4.5493507385253906,-72.400382995605469,4.7703828811645508],"Rotation":[0.36386877298355103,0.87765711545944214,-0.11947377771139145,-0.28817266225814819],"Scale":[0.99999982118606567,0.99999988079071045,0.99999988079071045]}}},"GameObject6":{"UUID":1153491603,"Parent":2069769950,"Name":"transform6","Tag":"undefined","AnimRotations":true,"AnimScales":false,"AnimTranslations":false,"Number of Components":1,"Components":{"Component 0":{"Component:":"Transform","Type":0,"Position":[0,0,0],"Rotation":[0,0,0,1],"Scale":[1,1,1]}}},"GameObject7":{"UUID":2087912898,"Parent":1265448217,"Name":"pSphere5","Tag":"undefined","AnimRotations":true,"AnimScales":false,"AnimTranslations":false,"Number of Components":1,"Components":{"Component 0":{"Component:":"Transform","Type":0,"Position":[4.5757198333740234,-72.400382995605469,-4.744013786315918],"Rotation":[-0.17281340062618256,-0.41682854294776917,0.34177479147911072,0.82436609268188477],"Scale":[0.99999982118606567,0.99999994039535522,0.99999988079071045]}}},"GameObject8":{"UUID":1563289875,"Parent":2087912898,"Name":"transform5","Tag":"undefined","AnimRotations":true,"AnimScales":false,"AnimTranslations":false,"Number of Components":1,"Components":{"Component 0":{"Component:":"Transform","Type":0,"Position":[0,0,0],"Rotation":[0,0,0,1],"Scale":[1,1,1]}}},"GameObject9":{"UUID":1185673768,"Parent":1265448217,"Name":"pSphere6","Tag":"undefined","AnimRotations":true,"AnimScales":false,"AnimTranslations":false,"Number of Components":1,"Components":{"Component 0":{"Component:":"Transform","Type":0,"Position":[-0.17601700127124786,-72.400382995605469,-6.7276949882507324],"Rotation":[-0.028867049142718315,-0.069627918303012848,0.38189142942428589,0.92112845182418823],"Scale":[1.0000001192092896,0.99999964237213135,0.99999970197677612]}}},"GameObject10":{"UUID":669494895,"Parent":1185673768,"Name":"transform4","Tag":"undefined","AnimRotations":true,"AnimScales":false,"AnimTranslations":false,"Number of Components":1,"Components":{"Component 0":{"Component:":"Transform","Type":0,"Position":[0,0,0],"Rotation":[0,0,0,1],"Scale":[1,1,1]}}},"GameObject11":{"UUID":1919010307,"Parent":1265448217,"Name":"pSphere7","Tag":"undefined","AnimRotations":true,"AnimScales":false,"AnimTranslations":false,"Number of Components":1,"Components":{"Component 0":{"Component:":"Transform","Type":0,"Position":[-4.9386768341064453,-72.400382995605469,-4.7703828811645508],"Rotation":[0.11947377026081085,0.28817263245582581,0.36386877298355103,0.87765717506408691],"Scale":[0.99999982118606567,0.99999988079071045,0.99999988079071045]}}},"GameObject12":{"UUID":2016452836,"Parent":1919010307,"Name":"transform3","Tag":"undefined","AnimRotations":true,"AnimScales":false,"AnimTranslations":false,"Number of Components":1,"Components":{"Component 0":{"Component:":"Transform","Type":0,"Position":[0,0,0],"Rotation":[0,0,0,1],"Scale":[1,1,1]}}},"GameObject13":{"UUID":14439825,"Parent":1265448217,"Name":"pSphere8","Tag":"undefined","AnimRotations":true,"AnimScales":false,"AnimTranslations":false,"Number of Components":1,"Components":{"Component 0":{"Component:":"Transform","Type":0,"Position":[-6.9223580360412598,-72.400382995605469,-0.018645999953150749],"Rotation":[0.24962592124938965,0.60210186243057251,0.29045006632804871,0.70057052373886108],"Scale":[1.0000001192092896,0.99999964237213135,0.99999970197677612]}}},"GameObject14":{"UUID":292709529,"Parent":14439825,"Name":"transform2","Tag":"undefined","AnimRotations":true,"AnimScales":false,"AnimTranslations":false,"Number of Components":1,"Components":{"Component 0":{"Component:":"Transform","Type":0,"Position":[0,0,0],"Rotation":[0,0,0,1],"Scale":[1,1,1]}}},"GameObject15":{"UUID":1257792126,"Parent":1265448217,"Name":"pSphere9","Tag":"undefined","AnimRotations":true,"AnimScales":false,"AnimTranslations":false,"Number of Components":1,"Components":{"Component 0":{"Component:":"Transform","Type":0,"Position":[-4.9650459289550781,-72.400382995605469,4.744013786315918],"Rotation":[0.34177479147911072,0.82436609268188477,0.17281340062618256,0.41682854294776917],"Scale":[0.99999982118606567,0.99999994039535522,0.99999988079071045]}}},"GameObject16":{"UUID":804930527,"Parent":1257792126,"Name":"transform1","Tag":"undefined","AnimRotations":true,"AnimScales":false,"AnimTranslations":false,"Number of Components":1,"Components":{"Component 0":{"Component:":"Transform","Type":0,"Position":[0,0,0],"Rotation":[0,0,0,1],"Scale":[1,1,1]}}},"GameObject17":{"UUID":1482451802,"Parent":1265448217,"Name":"pSphere10","Tag":"undefined","AnimRotations":true,"AnimScales":false,"AnimTranslations":false,"Number of Components":3,"Components":{"Component 0":{"Component:":"Transform","Type":0,"Position":[-72.595046997070313,-72.205718994140625,0],"Rotation":[0,0,0.70710676908493042,0.70710676908493042],"Scale":[1,1,1]},"Component 1":{"Component:":"CompMesh","Type":2,"UUID":1712832222,"Resource Mesh UUID":941813611,"Has Skeleton":false,"Generated Skeleton":false},"Component 2":{"Component:":"CompMaterial","Type":3,"Color":[1,1,1,1],"UUID":1472693599,"MaterialName:":"Default Material"}}}}}