{"Prefab":{"Info":{"Number of GameObjects":3,"Directory Prefab":"Assets\/The Mountain Sword.dae","Resources":{"Number of Resources":2,"Type":3,"Last Write":1528137302,"Resource 0":{"UUID Resource":1606669655,"Name":"Low_Sword_Boss_Mesh","Type":3},"Resource 1":{"UUID Resource":1082047095,"Name":"pCylinder1","Type":3}}},"GameObject0":{"UUID":625479767,"Parent":-1,"Name":"The Mountain Sword.dae","Tag":"undefined","AnimRotations":true,"AnimScales":false,"AnimTranslations":false,"Number of Components":1,"Components":{"Component 0":{"Component:":"Transform","Type":0,"Position":[0,0,0],"Rotation":[0,0,0,1],"Scale":[0.025399999693036079,0.025399999693036079,0.025399999693036079]}}},"GameObject1":{"UUID":2000948088,"Parent":625479767,"Name":"Low_Sword_Boss_Mesh","Tag":"undefined","AnimRotations":true,"AnimScales":false,"AnimTranslations":false,"Number of Components":3,"Components":{"Component 0":{"Component:":"Transform","Type":0,"Position":[-3.1820559501647949,2.7216570377349854,6.0663981437683105],"Rotation":[-0.55047523975372314,-0.36168864369392395,0.34801912307739258,0.66711390018463135],"Scale":[2.7559058666229248,2.7559056282043457,2.7559058666229248]},"Component 1":{"Component:":"CompMesh","Type":2,"UUID":742653758,"Resource Mesh UUID":1606669655,"Has Skeleton":false,"Generated Skeleton":false},"Component 2":{"Component:":"CompMaterial","Type":3,"Color":[1,1,1,1],"UUID":1481000546,"MaterialName:":"Default Material"}}},"GameObject2":{"UUID":1967329466,"Parent":2000948088,"Name":"pCylinder1","Tag":"undefined","AnimRotations":true,"AnimScales":false,"AnimTranslations":false,"Number of Components":3,"Components":{"Component 0":{"Component:":"Transform","Type":0,"Position":[-0.27213698625564575,6.4359660148620605,1.3449419736862183],"Rotation":[1,0,0,0],"Scale":[0.14285700023174286,0.14285700023174286,0.14285700023174286]},"Component 1":{"Component:":"CompMesh","Type":2,"UUID":937746726,"Resource Mesh UUID":1082047095,"Has Skeleton":false,"Generated Skeleton":false},"Component 2":{"Component:":"CompMaterial","Type":3,"Color":[1,1,1,1],"UUID":1214458399,"MaterialName:":"Default Material"}}}}}