{"Prefab":{"Info":{"Number of GameObjects":37,"Directory Prefab":"Assets\/Theon_Crossbow_.dae","Resources":{"Number of Resources":1,"Type":3,"Last Write":1522509154,"Resource 0":{"UUID Resource":1496706720,"Name":"crossbow_low_3ds_crossbow_low_3ds_polySurface1","Type":3}}},"GameObject0":{"UUID":930314939,"Parent":-1,"Name":"Theon_Crossbow_.dae","Tag":"undefined","Number of Components":1,"Components":{"Component 0":{"Component:":"Transform","Type":0,"Position":[0,0,0],"Rotation":[0,0,0,1],"Scale":[0.025399999693036079,0.025399999693036079,0.025399999693036079]}}},"GameObject1":{"UUID":1349574599,"Parent":930314939,"Name":"group56","Tag":"undefined","Number of Components":1,"Components":{"Component 0":{"Component:":"Transform","Type":0,"Position":[0,0,0],"Rotation":[0,0,0,1],"Scale":[0.3937009871006012,0.3937009871006012,0.3937009871006012]}}},"GameObject2":{"UUID":2028633435,"Parent":1349574599,"Name":"nurbsCircle50","Tag":"undefined","Number of Components":1,"Components":{"Component 0":{"Component:":"Transform","Type":0,"Position":[0,7.5138869285583496,1.5857290029525757],"Rotation":[0,0,0,1],"Scale":[1,1,1]}}},"GameObject3":{"UUID":1931365886,"Parent":2028633435,"Name":"group54","Tag":"undefined","Number of Components":1,"Components":{"Component 0":{"Component:":"Transform","Type":0,"Position":[0,-7.5138869285583496,-1.5857290029525757],"Rotation":[0,0,0,1],"Scale":[1,1,1]}}},"GameObject4":{"UUID":1083275948,"Parent":1931365886,"Name":"nurbsCircle48","Tag":"undefined","Number of Components":1,"Components":{"Component 0":{"Component:":"Transform","Type":0,"Position":[-1,6.6336002349853516,1.5977420806884766],"Rotation":[0,0,0,1],"Scale":[1,1,1]}}},"GameObject5":{"UUID":1276576715,"Parent":1083275948,"Name":"Right_Arm_Ctrl","Tag":"undefined","Number of Components":1,"Components":{"Component 0":{"Component:":"Transform","Type":0,"Position":[-7.4749679565429688,9.0355243682861328,7.556190013885498],"Rotation":[0.15718546509742737,0.70657807588577271,-0.68941491842269897,-0.027333930134773254],"Scale":[0.9999997615814209,0.99999904632568359,0.99999898672103882]}}},"GameObject6":{"UUID":789260273,"Parent":1276576715,"Name":"nurbsCircle13","Tag":"undefined","Number of Components":1,"Components":{"Component 0":{"Component:":"Transform","Type":0,"Position":[-5.8059349060058594,8.3661727905273438,7.8177361488342285],"Rotation":[0,0,0,1],"Scale":[1,1,1]}}},"GameObject7":{"UUID":1425390744,"Parent":789260273,"Name":"group36","Tag":"undefined","Number of Components":1,"Components":{"Component 0":{"Component:":"Transform","Type":0,"Position":[2.9037389755249023,-0.63868999481201172,8.2663803100585938],"Rotation":[-0.54938721656799316,0.62387675046920776,-0.38545063138008118,-0.40047410130500793],"Scale":[1,1.0000003576278687,1.0000002384185791]}}},"GameObject8":{"UUID":1909660154,"Parent":1425390744,"Name":"nurbsCircle46","Tag":"undefined","Number of Components":1,"Components":{"Component 0":{"Component:":"Transform","Type":0,"Position":[-4.3354601860046387,3.1415400505065918,1.4185500144958496],"Rotation":[0,0,0,1],"Scale":[1,1,1]}}},"GameObject9":{"UUID":1736995864,"Parent":1909660154,"Name":"group30","Tag":"undefined","Number of Components":1,"Components":{"Component 0":{"Component:":"Transform","Type":0,"Position":[7.959564208984375,3.6699190139770508,0.0045759999193251133],"Rotation":[0.70058250427246094,0.079414673149585724,0.075987659394741058,0.70505553483963013],"Scale":[0.99999964237213135,0.99999970197677612,0.99999994039535522]}}},"GameObject10":{"UUID":142434033,"Parent":1736995864,"Name":"nurbsCircle11","Tag":"undefined","Number of Components":1,"Components":{"Component 0":{"Component:":"Transform","Type":0,"Position":[-5.1528501510620117,-0.047986000776290894,2.6071000099182129],"Rotation":[0,0,0,1],"Scale":[1,1,1]}}},"GameObject11":{"UUID":1467813294,"Parent":930314939,"Name":"crossbow_low_3ds_crossbow_low_3ds_polySurface1","Tag":"undefined","Number of Components":3,"Components":{"Component 0":{"Component:":"Transform","Type":0,"Position":[0,0,0],"Rotation":[0,0,0,1],"Scale":[1,1,1]},"Component 1":{"Component:":"CompMesh","Type":2,"UUID":472515432,"Resource Mesh UUID":1496706720,"Has Skeleton":true,"Generated Skeleton":false},"Component 2":{"Component:":"CompMaterial","Type":3,"Color":[1,1,1,1],"UUID":1842386526,"MaterialName:":"Default Material"}}},"GameObject12":{"UUID":1741574983,"Parent":930314939,"Name":"joint35","Tag":"undefined","Number of Components":1,"Components":{"Component 0":{"Component:":"Transform","Type":0,"Position":[-0.96992701292037964,2.4094181060791016,1.744907021522522],"Rotation":[0.01437915675342083,-0.00016511701687704772,7.6207861638977192e-06,0.99989664554595947],"Scale":[0.3937009871006012,0.39370077848434448,0.39370080828666687]}}},"GameObject13":{"UUID":1117698176,"Parent":1741574983,"Name":"joint36","Tag":"undefined","Number of Components":1,"Components":{"Component 0":{"Component:":"Transform","Type":0,"Position":[0,0,2.5590329170227051],"Rotation":[0,0,0,1],"Scale":[1,1,1]}}},"GameObject14":{"UUID":1194762251,"Parent":1117698176,"Name":"joint37","Tag":"undefined","Number of Components":1,"Components":{"Component 0":{"Component:":"Transform","Type":0,"Position":[-0.00054600002476945519,0,1.7154999971389771],"Rotation":[0,0,0,1],"Scale":[1,1,1]}}},"GameObject15":{"UUID":2058577620,"Parent":1194762251,"Name":"joint38","Tag":"undefined","Number of Components":1,"Components":{"Component 0":{"Component:":"Transform","Type":0,"Position":[0.53649401664733887,0,0.018124999478459358],"Rotation":[0.028112884610891342,0.17626668512821198,0.01805671863257885,0.98377519845962524],"Scale":[0.99999982118606567,0.9999997615814209,0.99999964237213135]}}},"GameObject16":{"UUID":1468848534,"Parent":2058577620,"Name":"joint39","Tag":"undefined","Number of Components":1,"Components":{"Component 0":{"Component:":"Transform","Type":0,"Position":[0.50749397277832031,0,0.0072499997913837433],"Rotation":[-0.13321959972381592,-0.0047804559580981731,0.0040998742915689945,0.991066575050354],"Scale":[1.0000003576278687,1.0000004768371582,0.99999970197677612]}}},"GameObject17":{"UUID":1679999121,"Parent":1468848534,"Name":"joint40","Tag":"undefined","Number of Components":1,"Components":{"Component 0":{"Component:":"Transform","Type":0,"Position":[0.50749397277832031,0,-0.02174999937415123],"Rotation":[0.044501364231109619,-0.0063729947432875633,-0.0040706484578549862,0.99898070096969604],"Scale":[1.0000003576278687,0.99999988079071045,0.99999994039535522]}}},"GameObject18":{"UUID":521969286,"Parent":1679999121,"Name":"joint41","Tag":"undefined","Number of Components":1,"Components":{"Component 0":{"Component:":"Transform","Type":0,"Position":[0.64886802434921265,0,-0.065249003469944],"Rotation":[0.090435497462749481,-0.0092831021174788475,-0.017387142404913902,0.99570727348327637],"Scale":[0.99999994039535522,0.99999970197677612,0.99999958276748657]}}},"GameObject19":{"UUID":305386072,"Parent":521969286,"Name":"joint42","Tag":"undefined","Number of Components":1,"Components":{"Component 0":{"Component:":"Transform","Type":0,"Position":[0.66699200868606567,0,-0.14862300455570221],"Rotation":[0.01935410313308239,-0.0014902965631335974,-0.0045656580477952957,0.9998011589050293],"Scale":[1.0000001192092896,0.99999982118606567,0.99999958276748657]}}},"GameObject20":{"UUID":1195613412,"Parent":305386072,"Name":"joint43","Tag":"undefined","Number of Components":1,"Components":{"Component 0":{"Component:":"Transform","Type":0,"Position":[0.79386597871780396,0,-0.18921700119972229],"Rotation":[0.0022052223794162273,-0.11820250004529953,0.015233614481985569,0.99287021160125732],"Scale":[0.99999988079071045,0.99999988079071045,1.0000002384185791]}}},"GameObject21":{"UUID":1187715485,"Parent":1195613412,"Name":"joint44","Tag":"undefined","Number of Components":1,"Components":{"Component 0":{"Component:":"Transform","Type":0,"Position":[0.038895998150110245,-0.013387000188231468,-0.10009399801492691],