{"Prefab":{"Info":{"Number of GameObjects":7,"Directory Prefab":"","Resources":{"Number of Resources":3,"Resource 0":{"UUID Resource":1768032962,"Name":"top"},"Resource 1":{"UUID Resource":895861133,"Name":"AgarreExt7"},"Resource 2":{"UUID Resource":485669715,"Name":"Object001"}}},"GameObject0":{"UUID":273103332,"Parent":-1,"Name":"TopCrossLight","Tag":"undefined","Number of Components":1,"Components":{"Component 0":{"Component:":"Transform","Type":0,"Position":[101.59999847412109,0,50.799999237060547],"Rotation":[0,0,0,1],"Scale":[1,1,1]}}},"GameObject1":{"UUID":1362539654,"Parent":273103332,"Name":"top_$AssimpFbx$_PreRotation","Number of Components":1,"Components":{"Component 0":{"Component:":"Transform","Type":0,"Position":[0,0,0],"Rotation":[-0.70710676908493042,0,0,0.70710676908493042],"Scale":[1,1,1]}}},"GameObject2":{"UUID":611172989,"Parent":1362539654,"Name":"top_$AssimpFbx$_Scaling","Number of Components":1,"Components":{"Component 0":{"Component:":"Transform","Type":0,"Position":[0,0,0],"Rotation":[0,0,0,1],"Scale":[2.5399999618530273,2.5399999618530273,2.5399999618530273]}}},"GameObject3":{"UUID":82851659,"Parent":611172989,"Name":"top","Number of Components":3,"Components":{"Component 0":{"Component:":"Transform","Type":0,"Position":[0,0,0],"Rotation":[0,0,0,1],"Scale":[1,1,1]},"Component 1":{"Component:":"CompMesh","Type":2,"UUID":2134276208,"Resource Mesh UUID":1768032962,"Has Skeleton":false,"Generated Skeleton":false},"Component 2":{"Component:":"CompMaterial","Type":3,"Color":[1,1,1,1],"UUID":1755373944,"MaterialName:":"tileable full"}}},"GameObject4":{"UUID":1889971748,"Parent":82851659,"Name":"AgarreExt7","Number of Components":3,"Components":{"Component 0":{"Component:":"Transform","Type":0,"Position":[-0.013265177607536316,-0.034921567887067795,0.36878260970115662],"Rotation":[0.7071068286895752,0,0,0.70710670948028564],"Scale":[1.0602854490280151,1.0602854490280151,1.0602854490280151]},"Component 1":{"Component:":"CompMesh","Type":2,"UUID":981635629,"Resource Mesh UUID":895861133,"Has Skeleton":false,"Generated Skeleton":false},"Component 2":{"Component:":"CompMaterial","Type":3,"Color":[1,1,1,1],"UUID":934544481,"MaterialName:":"lamp"}}},"GameObject5":{"UUID":1609258542,"Parent":82851659,"Name":"Object001","Number of Components":3,"Components":{"Component 0":{"Component:":"Transform","Type":0,"Position":[0.052326470613479614,-0.031015254557132721,-0.67056018114089966],"Rotation":[0.7071068286895752,0,0,0.70710670948028564],"Scale":[1.8706880807876587,1.8706880807876587,1.8706880807876587]},"Component 1":{"Component:":"CompMesh","Type":2,"UUID":508055668,"Resource Mesh UUID":485669715,"Has Skeleton":false,"Generated Skeleton":false},"Component 2":{"Component:":"CompMaterial","Type":3,"Color":[1,1,1,1],"UUID":140512091,"MaterialName:":"lamp"}}},"GameObject6":{"UUID":1997229942,"Parent":273103332,"Name":"FocusLight (8)","Number of Components":3,"Components":{"Component 0":{"Component:":"Transform","Type":0,"Position":[0.29051589965820313,0.265472412109375,1.6439743041992188],"Rotation":[0,0,0,1],"Scale":[1,1,1]},"Component 1":{"Component:":"CompLight","Type":20,"Color":[1,0.46884548664093018,0.16603773832321167,1],"Light Type":0,"Intensity":54,"Ambient Coefficient":0.10000000149011612,"Constant":-28.000001907348633,"Linear":1,"Quadratic":1},"Component 2":{"Component:":"Script","Type":8,"UUID":736117436,"Name Script":"LightFlickering","Resource Script UUID":1784242076,"Number of Variables: ":6,"Variables":{"Variable 0":{"Type: ":"float","Value: ":0,"Name: ":"intensity"},"Variable 1":{"Type: ":"unknown","Value: ":"unknown","Name: ":"light"},"Variable 2":{"Type: ":"float","Value: ":15,"Name: ":"max"},"Variable 3":{"Type: ":"float","Value: ":2,"Name: ":"period"},"Variable 4":{"Type: ":"float","Value: ":1,"Name: ":"random_factor"},"Variable 5":{"Type: ":"float","Value: ":0,"Name: ":"time"}}}}}}}