{"Prefab":{"Info":{"Number of GameObjects":8,"Directory Prefab":"","Resources":{"Number of Resources":3,"Resource 0":{"UUID Resource":1768032962,"Name":"top"},"Resource 1":{"UUID Resource":895861133,"Name":"AgarreExt7"},"Resource 2":{"UUID Resource":485669715,"Name":"Object001"}}},"GameObject0":{"UUID":702508046,"Parent":-1,"Name":"TopCrossLight","Tag":"undefined","Number of Components":1,"Components":{"Component 0":{"Component:":"Transform","Type":0,"Position":[0,0,0],"Rotation":[0,0,0,1],"Scale":[1,1,1]}}},"GameObject1":{"UUID":2035654448,"Parent":702508046,"Name":"top_$AssimpFbx$_PreRotation","Number of Components":1,"Components":{"Component 0":{"Component:":"Transform","Type":0,"Position":[0,0,0],"Rotation":[-0.70710676908493042,0,0,0.70710676908493042],"Scale":[1,1,1]}}},"GameObject2":{"UUID":844326700,"Parent":2035654448,"Name":"top_$AssimpFbx$_Scaling","Number of Components":1,"Components":{"Component 0":{"Component:":"Transform","Type":0,"Position":[0,0,0],"Rotation":[0,0,0,1],"Scale":[2.5399999618530273,2.5399999618530273,2.5399999618530273]}}},"GameObject3":{"UUID":1532912178,"Parent":844326700,"Name":"top","Number of Components":3,"Components":{"Component 0":{"Component:":"Transform","Type":0,"Position":[0,0,0],"Rotation":[0,0,0,1],"Scale":[1,1,1]},"Component 1":{"Component:":"CompMesh","Type":2,"UUID":948311090,"Resource Mesh UUID":1768032962,"Has Skeleton":false,"Generated Skeleton":false},"Component 2":{"Component:":"CompMaterial","Type":3,"Color":[1,1,1,1],"UUID":129153522,"MaterialName:":"tileable full"}}},"GameObject4":{"UUID":283325173,"Parent":1532912178,"Name":"AgarreExt7","Number of Components":3,"Components":{"Component 0":{"Component:":"Transform","Type":0,"Position":[-0.013265177607536316,-0.034921567887067795,0.36878260970115662],"Rotation":[0.7071068286895752,0,0,0.70710670948028564],"Scale":[1.0602854490280151,1.0602854490280151,1.0602854490280151]},"Component 1":{"Component:":"CompMesh","Type":2,"UUID":1868700012,"Resource Mesh UUID":895861133,"Has Skeleton":false,"Generated Skeleton":false},"Component 2":{"Component:":"CompMaterial","Type":3,"Color":[1,1,1,1],"UUID":1909232898,"MaterialName:":"lamp"}}},"GameObject5":{"UUID":2055776946,"Parent":1532912178,"Name":"Object001","Number of Components":3,"Components":{"Component 0":{"Component:":"Transform","Type":0,"Position":[0.052326470613479614,-0.031015254557132721,-0.67056018114089966],"Rotation":[0.7071068286895752,0,0,0.70710670948028564],"Scale":[1.8706880807876587,1.8706880807876587,1.8706880807876587]},"Component 1":{"Component:":"CompMesh","Type":2,"UUID":1529487240,"Resource Mesh UUID":485669715,"Has Skeleton":false,"Generated Skeleton":false},"Component 2":{"Component:":"CompMaterial","Type":3,"Color":[1,1,1,1],"UUID":1454499545,"MaterialName:":"lamp"}}},"GameObject6":{"UUID":1268931807,"Parent":702508046,"Name":"Top Light","Number of Components":2,"Components":{"Component 0":{"Component:":"Transform","Type":0,"Position":[-0.12764072418212891,0.29458057880401611,0],"Rotation":[0,0,0,1],"Scale":[1,1,1]},"Component 1":{"Component:":"Light component","Type":20,"Color":[1,0.3630947470664978,0,1],"Light Type":0,"Intensity":4,"Ambient Coefficient":0.20000000298023224,"Constant":5,"Linear":0,"Quadratic":0.0099999997764825821}}},"GameObject7":{"UUID":1119064861,"Parent":702508046,"Name":"FocusLight","Number of Components":2,"Components":{"Component 0":{"Component:":"Transform","Type":0,"Position":[0.29051589965820313,0.265472412109375,1.6439743041992188],"Rotation":[0,0,0,1],"Scale":[1,1,1]},"Component 1":{"Component:":"Light component","Type":20,"Color":[1,0.46884548664093018,0.16603773832321167,1],"Light Type":0,"Intensity":73,"Ambient Coefficient":0.10000000149011612,"Constant":-28.000001907348633,"Linear":1,"Quadratic":1}}}}}