{"Prefab":{"Info":{"Number of GameObjects":3,"Directory Prefab":"","Resources":{"Number of Resources":0}},"GameObject0":{"UUID":1508848561,"Parent":-1,"Name":"TorchLight","Tag":"undefined","Number of Components":1,"Components":{"Component 0":{"Component:":"Transform","Type":0,"Position":[-15.718488693237305,18.219270706176758,0.023801207542419434],"Rotation":[0,0,0,1],"Scale":[1,1,1]}}},"GameObject1":{"UUID":1170453830,"Parent":1508848561,"Name":"FocusLight","Number of Components":2,"Components":{"Component 0":{"Component:":"Transform","Type":0,"Position":[0.22680759429931641,-1.9073486328125e-06,-0.1204301118850708],"Rotation":[0,0,0,1],"Scale":[1,1,1]},"Component 1":{"Component:":"Light component","Type":20,"Color":[1,0.4159921407699585,0.21509432792663574,1],"Light Type":0,"Intensity":30,"Ambient Coefficient":0.10000000149011612,"Constant":-33,"Linear":0,"Quadratic":5}}},"GameObject2":{"UUID":2087644114,"Parent":1508848561,"Name":"AmbientLight","Number of Components":2,"Components":{"Component 0":{"Component:":"Transform","Type":0,"Position":[0,0,0],"Rotation":[0,0,0,1],"Scale":[1,1,1]},"Component 1":{"Component:":"Light component","Type":20,"Color":[0.99622642993927002,0.60207676887512207,0.30450686812400818,1],"Light Type":0,"Intensity":7.0000004768371582,"Ambient Coefficient":0.10000000149011612,"Constant":5,"Linear":0,"Quadratic":0.0099999997764825821}}}}}