{"Prefab":{"Info":{"Number of GameObjects":6,"Directory Prefab":"","Resources":{"Number of Resources":2,"Resource 0":{"UUID Resource":1087373774,"Name":"Box020"},"Resource 1":{"UUID Resource":629827961,"Name":"Barra5"}}},"GameObject0":{"UUID":1835052801,"Parent":-1,"Name":"Torch good","Number of Components":1,"Components":{"Component 0":{"Component:":"Transform","Type":0,"Position":[0,0,0],"Rotation":[0,0,0,1],"Scale":[1,1,1]}}},"GameObject1":{"UUID":1339795866,"Parent":1835052801,"Name":"Box020_$AssimpFbx$_PreRotation","Number of Components":1,"Components":{"Component 0":{"Component:":"Transform","Type":0,"Position":[0,0,0],"Rotation":[-0.70710676908493042,0,0,0.70710676908493042],"Scale":[1,1,1]}}},"GameObject2":{"UUID":815974823,"Parent":1339795866,"Name":"Box020_$AssimpFbx$_Scaling","Number of Components":1,"Components":{"Component 0":{"Component:":"Transform","Type":0,"Position":[0,0,0],"Rotation":[0,0,0,1],"Scale":[2.5399999618530273,2.5399999618530273,2.5399999618530273]}}},"GameObject3":{"UUID":1209555374,"Parent":815974823,"Name":"Box020","Number of Components":3,"Components":{"Component 0":{"Component:":"Transform","Type":0,"Position":[0,-1.7621459846850485e-12,0],"Rotation":[0,0,0,1],"Scale":[0.99999988079071045,1,1]},"Component 1":{"Component:":"CompMesh","Type":2,"UUID":1945695115,"Resource Mesh UUID":1087373774,"Has Skeleton":false,"Generated Skeleton":false},"Component 2":{"Component:":"Material","Type":3,"Color":[1,1,1,1],"UUID":118632302,"MaterialName:":"tileable full"}}},"GameObject4":{"UUID":77391180,"Parent":1209555374,"Name":"Barra5","Number of Components":3,"Components":{"Component 0":{"Component:":"Transform","Type":0,"Position":[-5.4268317222595215,-0.019104098901152611,5.5408430099487305],"Rotation":[-0.50000005960464478,0.50000005960464478,0.5,-0.49999994039535522],"Scale":[1.0562120676040649,1.0562120676040649,1.0562120676040649]},"Component 1":{"Component:":"CompMesh","Type":2,"UUID":348210943,"Resource Mesh UUID":629827961,"Has Skeleton":false,"Generated Skeleton":false},"Component 2":{"Component:":"Material","Type":3,"Color":[1,1,1,1],"UUID":1998655267,"MaterialName:":"torch"}}},"GameObject5":{"UUID":481356513,"Parent":1835052801,"Name":"Light","Number of Components":2,"Components":{"Component 0":{"Component:":"Transform","Type":0,"Position":[-14.669872283935547,17.723833084106445,0.087666034698486328],"Rotation":[0,0,0,1],"Scale":[1,1,1]},"Component 1":{"Component:":"Light component","Type":20,"Color":[1,0.40754717588424683,0,1],"Light Type":0,"Attenuation":34,"Ambient Coefficient":0.20000000298023224,"Radius":1}}}}}