{"Prefab":{"Info":{"Number of GameObjects":8,"Directory Prefab":"","Resources":{"Number of Resources":2,"Resource 0":{"UUID Resource":1028657890,"Name":"Box020"},"Resource 1":{"UUID Resource":784941752,"Name":"Barra5"}}},"GameObject0":{"UUID":1083095105,"Parent":-1,"Name":"WallTorch","Tag":"undefined","Number of Components":1,"Components":{"Component 0":{"Component:":"Transform","Type":0,"Position":[50.799999237060547,0,25.399999618530273],"Rotation":[0,0.7071068286895752,0,0.7071068286895752],"Scale":[1,1,1]}}},"GameObject1":{"UUID":1664887017,"Parent":1083095105,"Name":"Box020_$AssimpFbx$_PreRotation","Number of Components":1,"Components":{"Component 0":{"Component:":"Transform","Type":0,"Position":[0,0,0],"Rotation":[-0.70710676908493042,0,0,0.70710676908493042],"Scale":[1,1,1]}}},"GameObject2":{"UUID":337947554,"Parent":1664887017,"Name":"Box020_$AssimpFbx$_Scaling","Number of Components":1,"Components":{"Component 0":{"Component:":"Transform","Type":0,"Position":[0,0,0],"Rotation":[0,0,0,1],"Scale":[2.5399999618530273,2.5399999618530273,2.5399999618530273]}}},"GameObject3":{"UUID":1759608182,"Parent":337947554,"Name":"Box020","Number of Components":3,"Components":{"Component 0":{"Component:":"Transform","Type":0,"Position":[0,0,0],"Rotation":[0,0,0,1],"Scale":[1,1,1]},"Component 1":{"Component:":"CompMesh","Type":2,"UUID":1621623617,"Resource Mesh UUID":1028657890,"Has Skeleton":false,"Generated Skeleton":false},"Component 2":{"Component:":"CompMaterial","Type":3,"Color":[1,1,1,1],"UUID":1547549073,"MaterialName:":"tileable full"}}},"GameObject4":{"UUID":511957696,"Parent":1759608182,"Name":"Barra5","Number of Components":3,"Components":{"Component 0":{"Component:":"Transform","Type":0,"Position":[-5.4268317222595215,-0.019104098901152611,5.5408430099487305],"Rotation":[-0.50000005960464478,0.50000005960464478,0.5,-0.49999994039535522],"Scale":[1.0562120676040649,1.0562120676040649,1.0562120676040649]},"Component 1":{"Component:":"CompMesh","Type":2,"UUID":1474987566,"Resource Mesh UUID":784941752,"Has Skeleton":false,"Generated Skeleton":false},"Component 2":{"Component:":"CompMaterial","Type":3,"Color":[1,1,1,1],"UUID":1736300240,"MaterialName:":"torch"}}},"GameObject5":{"UUID":1104519410,"Parent":1083095105,"Name":"Torch","Number of Components":1,"Components":{"Component 0":{"Component:":"Transform","Type":0,"Position":[-15.718488693237305,18.219270706176758,0.023801207542419434],"Rotation":[0,0,0,1],"Scale":[1,1,1]}}},"GameObject6":{"UUID":1383637568,"Parent":1104519410,"Name":"FocusLight","Number of Components":3,"Components":{"Component 0":{"Component:":"Transform","Type":0,"Position":[0.22680759429931641,-1.9073486328125e-06,-0.1204301118850708],"Rotation":[0,0,0,1],"Scale":[1,1,1]},"Component 1":{"Component:":"CompLight","Type":20,"Color":[1,0.4159921407699585,0.21509432792663574,1],"Light Type":0,"Intensity":30,"Ambient Coefficient":0.10000000149011612,"Constant":-33,"Linear":0,"Quadratic":5},"Component 2":{"Component:":"Script","Type":8,"UUID":1673496128,"Name Script":"LightFlickering","Resource Script UUID":1784242076,"Number of Variables: ":6,"Variables":{"Variable 0":{"Type: ":"float","Value: ":0,"Name: ":"intensity"},"Variable 1":{"Type: ":"unknown","Value: ":"unknown","Name: ":"light"},"Variable 2":{"Type: ":"float","Value: ":15,"Name: ":"max"},"Variable 3":{"Type: ":"float","Value: ":2,"Name: ":"period"},"Variable 4":{"Type: ":"float","Value: ":1,"Name: ":"random_factor"},"Variable 5":{"Type: ":"float","Value: ":0,"Name: ":"time"}}}}},"GameObject7":{"UUID":218895551,"Parent":1104519410,"Name":"AmbientLight","Number of Components":2,"Components":{"Component 0":{"Component:":"Transform","Type":0,"Position":[0,0,0],"Rotation":[0,0,0,1],"Scale":[1,1,1]},"Component 1":{"Component:":"CompLight","Type":20,"Color":[1,0.43018865585327148,0,1],"Light Type":0,"Intensity":7.0000004768371582,"Ambient Coefficient":0.10000000149011612,"Constant":5,"Linear":0,"Quadratic":0.0099999997764825821}}}}}