{"Prefab":{"Info":{"Number of GameObjects":4,"Directory Prefab":"Assets\/WR_Top_Cross.FBX","Resources":{"Number of Resources":3,"Type":3,"Last Write":1522438041,"Resource 0":{"UUID Resource":1760036742,"Name":"top","Type":3},"Resource 1":{"UUID Resource":62208897,"Name":"AgarreExt7","Type":3},"Resource 2":{"UUID Resource":245345482,"Name":"Object001","Type":3}}},"GameObject0":{"UUID":1976897214,"Parent":-1,"Name":"WR_Top_Cross.FBX","Tag":"undefined","Number of Components":1,"Components":{"Component 0":{"Component:":"Transform","Type":0,"Position":[0,0,0],"Rotation":[0,0,0,1],"Scale":[1,1,1]}}},"GameObject1":{"UUID":1333999664,"Parent":1976897214,"Name":"top","Tag":"undefined","Number of Components":3,"Components":{"Component 0":{"Component:":"Transform","Type":0,"Position":[0,0,0],"Rotation":[-0.70710676908493042,0,0,0.70710676908493042],"Scale":[2.5399999618530273,2.5399999618530273,2.5399999618530273]},"Component 1":{"Component:":"CompMesh","Type":2,"UUID":17841888,"Resource Mesh UUID":1760036742,"Has Skeleton":false,"Generated Skeleton":false},"Component 2":{"Component:":"CompMaterial","Type":3,"Color":[1,1,1,1],"UUID":924536482,"MaterialName:":"tileable full"}}},"GameObject2":{"UUID":627061791,"Parent":1333999664,"Name":"AgarreExt7","Tag":"undefined","Number of Components":3,"Components":{"Component 0":{"Component:":"Transform","Type":0,"Position":[-0.013265177607536316,-0.034921567887067795,0.36878260970115662],"Rotation":[0.7071068286895752,0,0,0.70710670948028564],"Scale":[1.0602854490280151,1.0602854490280151,1.0602854490280151]},"Component 1":{"Component:":"CompMesh","Type":2,"UUID":473891348,"Resource Mesh UUID":62208897,"Has Skeleton":false,"Generated Skeleton":false},"Component 2":{"Component:":"CompMaterial","Type":3,"Color":[1,1,1,1],"UUID":998270247,"MaterialName:":"lamp"}}},"GameObject3":{"UUID":1559598526,"Parent":1333999664,"Name":"Object001","Tag":"undefined","Number of Components":3,"Components":{"Component 0":{"Component:":"Transform","Type":0,"Position":[0.052326470613479614,-0.031015254557132721,-0.67056018114089966],"Rotation":[0.7071068286895752,0,0,0.70710670948028564],"Scale":[1.8706880807876587,1.8706880807876587,1.8706880807876587]},"Component 1":{"Component:":"CompMesh","Type":2,"UUID":1888302679,"Resource Mesh UUID":245345482,"Has Skeleton":false,"Generated Skeleton":false},"Component 2":{"Component:":"CompMaterial","Type":3,"Color":[1,1,1,1],"UUID":866912613,"MaterialName:":"lamp"}}}}}