{"Prefab":{"Info":{"Number of GameObjects":4,"Directory Prefab":"D:\\Github\\CulverinEngine-Project3\\Engine\\Game\\Assets\\WR_Top_Cross.FBX","Resources":{"Number of Resources":3,"Last Write":1521978172,"Resource 0":{"UUID Resource":1768032962,"Name":"top"},"Resource 1":{"UUID Resource":895861133,"Name":"AgarreExt7"},"Resource 2":{"UUID Resource":485669715,"Name":"Object001"}}},"GameObject0":{"UUID":563959268,"Parent":-1,"Name":"WR_Top_Cross.FBX","Tag":"undefined","Number of Components":1,"Components":{"Component 0":{"Component:":"Transform","Type":0,"Position":[0,0,0],"Rotation":[0,0,0,1],"Scale":[1,1,1]}}},"GameObject1":{"UUID":964679327,"Parent":563959268,"Name":"top","Number of Components":3,"Components":{"Component 0":{"Component:":"Transform","Type":0,"Position":[0,0,0],"Rotation":[-0.70710676908493042,0,0,0.70710676908493042],"Scale":[2.5399999618530273,2.5399999618530273,2.5399999618530273]},"Component 1":{"Component:":"CompMesh","Type":2,"UUID":1535848789,"Resource Mesh UUID":1768032962,"Has Skeleton":false,"Generated Skeleton":false},"Component 2":{"Component:":"CompMaterial","Type":3,"Color":[1,1,1,1],"UUID":1970271192,"MaterialName:":"tileable full"}}},"GameObject2":{"UUID":1732706107,"Parent":964679327,"Name":"AgarreExt7","Number of Components":3,"Components":{"Component 0":{"Component:":"Transform","Type":0,"Position":[-0.013265177607536316,-0.034921567887067795,0.36878260970115662],"Rotation":[0.7071068286895752,0,0,0.70710670948028564],"Scale":[1.0602854490280151,1.0602854490280151,1.0602854490280151]},"Component 1":{"Component:":"CompMesh","Type":2,"UUID":2132972516,"Resource Mesh UUID":895861133,"Has Skeleton":false,"Generated Skeleton":false},"Component 2":{"Component:":"CompMaterial","Type":3,"Color":[1,1,1,1],"UUID":1185346386,"MaterialName:":"lamp"}}},"GameObject3":{"UUID":1499152790,"Parent":964679327,"Name":"Object001","Number of Components":3,"Components":{"Component 0":{"Component:":"Transform","Type":0,"Position":[0.052326470613479614,-0.031015254557132721,-0.67056018114089966],"Rotation":[0.7071068286895752,0,0,0.70710670948028564],"Scale":[1.8706880807876587,1.8706880807876587,1.8706880807876587]},"Component 1":{"Component:":"CompMesh","Type":2,"UUID":516181096,"Resource Mesh UUID":485669715,"Has Skeleton":false,"Generated Skeleton":false},"Component 2":{"Component:":"CompMaterial","Type":3,"Color":[1,1,1,1],"UUID":1052735718,"MaterialName:":"lamp"}}}}}