{"Prefab":{"Info":{"Number of GameObjects":4,"Directory Prefab":"","Resources":{"Number of Resources":2,"Type":3,"Resource 0":{"UUID Resource":868130866,"Name":"Box020","Type":3},"Resource 1":{"UUID Resource":1286554385,"Name":"Barra5","Type":3}}},"GameObject0":{"UUID":898016304,"Parent":-1,"Name":"WR_Wall_torch","Tag":"undefined","Number of Components":1,"Components":{"Component 0":{"Component:":"Transform","Type":0,"Position":[0,0,0],"Rotation":[0,0,0,1],"Scale":[1,1,1]}}},"GameObject1":{"UUID":932303681,"Parent":898016304,"Name":"Wall","Number of Components":4,"Components":{"Component 0":{"Component:":"Transform","Type":0,"Position":[0,0,-1.9086405700363684e-07],"Rotation":[-0.7071068286895752,0,0,0.70710676908493042],"Scale":[2.5399999618530273,2.5399999618530273,2.5399999618530273]},"Component 1":{"Component:":"CompMesh","Type":2,"UUID":2018153221,"Resource Mesh UUID":868130866,"Has Skeleton":false,"Generated Skeleton":false},"Component 2":{"Component:":"CompMaterial","Type":3,"Color":[1,1,1,1],"UUID":285343325,"MaterialName:":"tileable full"},"Component 3":{"Component:":"CompCollider","Type":5,"UUID":2106134481,"ColliderType":3,"Postion_X":0,"Postion_Y":0,"Postion_Z":12.699999809265137,"Angle_X":0,"Angle_Y":0,"Angle_Z":0,"Material_X":0.5,"Material_Y":0.5,"Material_Z":0,"Size_X":25.399999618530273,"Size_Y":25.399999618530273,"Size_Z":25.399999618530273,"Rad":5.260711669921875,"Trigger":false,"ScriptName":"","Collision Flags":32}}},"GameObject2":{"UUID":1663895075,"Parent":932303681,"Name":"Torch","Number of Components":3,"Components":{"Component 0":{"Component:":"Transform","Type":0,"Position":[-5.4268317222595215,-0.019104098901152611,5.5408430099487305],"Rotation":[-0.50000005960464478,0.50000005960464478,0.5,-0.49999994039535522],"Scale":[1.0562120676040649,1.0562120676040649,1.0562120676040649]},"Component 1":{"Component:":"CompMesh","Type":2,"UUID":1403998796,"Resource Mesh UUID":1286554385,"Has Skeleton":false,"Generated Skeleton":false},"Component 2":{"Component:":"CompMaterial","Type":3,"Color":[1,1,1,1],"UUID":787015817,"MaterialName:":"torch"}}},"GameObject3":{"UUID":1930425799,"Parent":1663895075,"Name":"Torch_Light","Number of Components":6,"Components":{"Component 0":{"Component:":"Transform","Type":0,"Position":[0.0032686013728380203,1.4805116653442383,0.15883445739746094],"Rotation":[-8.4703294725430034e-22,0,0,1],"Scale":[1,1,1]},"Component 1":{"Component:":"CompLight","Type":20,"Color":[0.98816567659378052,0.61183857917785645,0.11694266647100449,1],"Light Type":0,"Intensity":45.000003814697266,"Ambient Coefficient":1,"Constant":1,"Linear":1,"Quadratic":1},"Component 2":{"Component:":"Script","Type":8,"UUID":68201019,"Name Script":"LightFlickering","Resource Script UUID":125396371,"Number of Variables: ":6,"Variables":{"Variable 0":{"Type: ":"float","Value: ":0,"Name: ":"intensity"},"Variable 1":{"Type: ":"unknown","Value: ":"unknown","Name: ":"light"},"Variable 2":{"Type: ":"float","Value: ":15,"Name: ":"max"},"Variable 3":{"Type: ":"float","Value: ":2,"Name: ":"period"},"Variable 4":{"Type: ":"float","Value: ":1,"Name: ":"random_factor"},"Variable 5":{"Type: ":"float","Value: ":0,"Name: ":"time"}}},"Component 3":{"Component:":"CompParticleSystem","Type":21,"ParticleResource:":"Torch_particle","EmitterResource:":"Torch_emitter","Preview:":true,"Active:":true,"DiscardDistance":100},"Component 4":{"Component:":"CompAudio","Type":17,"Audio Type":0},"Component 5":{"Component:":"Script","Type":8,"UUID":631762986,"Name Script":"Torch_sound","Resource Script UUID":185148943,"Number of Variables: ":0}}}}}