{"Prefab":{"Info":{"Number of GameObjects":3,"Directory Prefab":"C:\\Users\\ferra\\Documents\\GitHub\\CulverinEngine-Project3\\Engine\\Game\\Assets\\WR_Wall_rope.FBX","Resources":{"Number of Resources":2,"Last Write":1521377627,"Resource 0":{"UUID Resource":1995242677,"Name":"Box012"},"Resource 1":{"UUID Resource":170714443,"Name":"Tela1"}}},"GameObject0":{"UUID":1204195571,"Parent":-1,"Name":"WR_Wall_rope.FBX","Tag":"undefined","Number of Components":1,"Components":{"Component 0":{"Component:":"Transform","Type":0,"Position":[0,0,0],"Rotation":[0,0,0,1],"Scale":[1,1,1]}}},"GameObject1":{"UUID":1685753358,"Parent":1204195571,"Name":"Box012","Number of Components":3,"Components":{"Component 0":{"Component:":"Transform","Type":0,"Position":[0,0,0],"Rotation":[-0.70710676908493042,0,0,0.70710676908493042],"Scale":[2.5399999618530273,2.5399999618530273,2.5399999618530273]},"Component 1":{"Component:":"CompMesh","Type":2,"UUID":1705745121,"Resource Mesh UUID":1995242677,"Has Skeleton":false,"Generated Skeleton":false},"Component 2":{"Component:":"CompMaterial","Type":3,"Color":[1,1,1,1],"UUID":1982873688,"MaterialName:":"tileable full"}}},"GameObject2":{"UUID":810268500,"Parent":1685753358,"Name":"Tela1","Number of Components":3,"Components":{"Component 0":{"Component:":"Transform","Type":0,"Position":[-5.100365161895752,-0.018863677978515625,5.7029461860656738],"Rotation":[-0.50000005960464478,0.50000005960464478,0.5,-0.49999994039535522],"Scale":[0.39370080828666687,0.39370080828666687,0.39370080828666687]},"Component 1":{"Component:":"CompMesh","Type":2,"UUID":1602799104,"Resource Mesh UUID":170714443,"Has Skeleton":false,"Generated Skeleton":false},"Component 2":{"Component:":"CompMaterial","Type":3,"Color":[1,1,1,1],"UUID":931154170,"MaterialName:":"lanniter rope"}}}}}