{"Prefab":{"Info":{"Number of GameObjects":3,"Directory Prefab":"Assets\/WR_Wall_torch.FBX","Resources":{"Number of Resources":2,"Type":3,"Last Write":1522400466,"Resource 0":{"UUID Resource":868130866,"Name":"Box020","Type":3},"Resource 1":{"UUID Resource":1286554385,"Name":"Barra5","Type":3}}},"GameObject0":{"UUID":108318692,"Parent":-1,"Name":"WR_Wall_torch.FBX","Tag":"undefined","Number of Components":1,"Components":{"Component 0":{"Component:":"Transform","Type":0,"Position":[0,0,0],"Rotation":[0,0,0,1],"Scale":[1,1,1]}}},"GameObject1":{"UUID":1440571115,"Parent":108318692,"Name":"Box020","Tag":"undefined","Number of Components":3,"Components":{"Component 0":{"Component:":"Transform","Type":0,"Position":[0,0,0],"Rotation":[-0.70710676908493042,0,0,0.70710676908493042],"Scale":[2.5399999618530273,2.5399999618530273,2.5399999618530273]},"Component 1":{"Component:":"CompMesh","Type":2,"UUID":72831574,"Resource Mesh UUID":868130866,"Has Skeleton":false,"Generated Skeleton":false},"Component 2":{"Component:":"CompMaterial","Type":3,"Color":[1,1,1,1],"UUID":398122887,"MaterialName:":"tileable full"}}},"GameObject2":{"UUID":142083998,"Parent":1440571115,"Name":"Barra5","Tag":"undefined","Number of Components":3,"Components":{"Component 0":{"Component:":"Transform","Type":0,"Position":[-5.4268317222595215,-0.019104098901152611,5.5408430099487305],"Rotation":[-0.50000005960464478,0.50000005960464478,0.5,-0.49999994039535522],"Scale":[1.0562120676040649,1.0562120676040649,1.0562120676040649]},"Component 1":{"Component:":"CompMesh","Type":2,"UUID":720346676,"Resource Mesh UUID":1286554385,"Has Skeleton":false,"Generated Skeleton":false},"Component 2":{"Component:":"CompMaterial","Type":3,"Color":[1,1,1,1],"UUID":1070321405,"MaterialName:":"torch"}}}}}