{"Prefab":{"Info":{"Number of GameObjects":3,"Directory Prefab":"","Resources":{"Number of Resources":2,"Type":3,"Resource 0":{"UUID Resource":609059765,"Name":"Box012","Type":3},"Resource 1":{"UUID Resource":1593525737,"Name":"Tela1","Type":3}}},"GameObject0":{"UUID":1485984332,"Parent":-1,"Name":"WR_Wall_rope.FBX","Tag":"undefined","Number of Components":1,"Components":{"Component 0":{"Component:":"Transform","Type":0,"Position":[0,0,0],"Rotation":[0,0,0,1],"Scale":[1,1,1]}}},"GameObject1":{"UUID":761435992,"Parent":1485984332,"Name":"Box012","Number of Components":4,"Components":{"Component 0":{"Component:":"Transform","Type":0,"Position":[0,0,0],"Rotation":[-0.70710676908493042,0,0,0.70710676908493042],"Scale":[2.5399999618530273,2.5399999618530273,2.5399999618530273]},"Component 1":{"Component:":"CompMesh","Type":2,"UUID":543217847,"Resource Mesh UUID":609059765,"Has Skeleton":false,"Generated Skeleton":false},"Component 2":{"Component:":"CompMaterial","Type":3,"Color":[1,1,1,1],"UUID":35218670,"MaterialName:":"tileable full"},"Component 3":{"Component:":"CompCollider","Type":5,"UUID":400383271,"ColliderType":3,"Postion_X":0,"Postion_Y":0,"Postion_Z":12.699999809265137,"Angle_X":0,"Angle_Y":0,"Angle_Z":0,"Material_X":0.5,"Material_Y":0.5,"Material_Z":0,"Size_X":25.399999618530273,"Size_Y":25.399999618530273,"Size_Z":25.399999618530273,"Rad":0.5,"Trigger":false,"ScriptName":"","Collision Flags":32}}},"GameObject2":{"UUID":1680182843,"Parent":761435992,"Name":"Tela1","Number of Components":3,"Components":{"Component 0":{"Component:":"Transform","Type":0,"Position":[-5.100365161895752,-0.018863677978515625,5.7029461860656738],"Rotation":[-0.50000005960464478,0.50000005960464478,0.5,-0.49999994039535522],"Scale":[0.39370080828666687,0.39370080828666687,0.39370080828666687]},"Component 1":{"Component:":"CompMesh","Type":2,"UUID":1982307208,"Resource Mesh UUID":1593525737,"Has Skeleton":false,"Generated Skeleton":false},"Component 2":{"Component:":"CompMaterial","Type":3,"Color":[1,1,1,1],"UUID":26070066,"MaterialName:":"lanniter rope"}}}}}