{"Prefab":{"Info":{"Number of GameObjects":3,"Directory Prefab":"Assets\/WR_Wall_rope.FBX","Resources":{"Number of Resources":2,"Type":3,"Last Write":1522438041,"Resource 0":{"UUID Resource":609059765,"Name":"Box012","Type":3},"Resource 1":{"UUID Resource":1593525737,"Name":"Tela1","Type":3}}},"GameObject0":{"UUID":464997621,"Parent":-1,"Name":"WR_Wall_rope.FBX","Tag":"undefined","Number of Components":1,"Components":{"Component 0":{"Component:":"Transform","Type":0,"Position":[0,0,0],"Rotation":[0,0,0,1],"Scale":[1,1,1]}}},"GameObject1":{"UUID":283393116,"Parent":464997621,"Name":"Box012","Tag":"undefined","Number of Components":3,"Components":{"Component 0":{"Component:":"Transform","Type":0,"Position":[0,0,0],"Rotation":[-0.70710676908493042,0,0,0.70710676908493042],"Scale":[2.5399999618530273,2.5399999618530273,2.5399999618530273]},"Component 1":{"Component:":"CompMesh","Type":2,"UUID":1179864047,"Resource Mesh UUID":609059765,"Has Skeleton":false,"Generated Skeleton":false},"Component 2":{"Component:":"CompMaterial","Type":3,"Color":[1,1,1,1],"UUID":2065318437,"MaterialName:":"tileable full"}}},"GameObject2":{"UUID":472350198,"Parent":283393116,"Name":"Tela1","Tag":"undefined","Number of Components":3,"Components":{"Component 0":{"Component:":"Transform","Type":0,"Position":[-5.100365161895752,-0.018863677978515625,5.7029461860656738],"Rotation":[-0.50000005960464478,0.50000005960464478,0.5,-0.49999994039535522],"Scale":[0.39370080828666687,0.39370080828666687,0.39370080828666687]},"Component 1":{"Component:":"CompMesh","Type":2,"UUID":1076048447,"Resource Mesh UUID":1593525737,"Has Skeleton":false,"Generated Skeleton":false},"Component 2":{"Component:":"CompMaterial","Type":3,"Color":[1,1,1,1],"UUID":601902992,"MaterialName:":"lanniter rope"}}}}}